id,qname,namespace,local_name,xbrl_type,full_type,substitution_group,period_type,abstract,nillable,balance,preferred_label_role,is_dimension,is_typed_dimension,typed_domain_type,is_analysis_dimension,is_grouping_dimension
0000e9fd-e313-4e52-828c-4952813a21d1,curr:BurundianFranc,http://xbrl.frc.org.uk/cd/2023-01-01/currencies,BurundianFranc,stringItemType,nonnum:domainItemType,xbrli:item,duration,true,true,,,false,false,,false,false
001190fe-95f1-4242-98d8-020a8dc72370,core:DividendsDueFromSubsidiaries,http://xbrl.frc.org.uk/fr/2023-01-01/core,DividendsDueFromSubsidiaries,monetaryItemType,xbrli:monetaryItemType,xbrli:item,instant,false,true,debit,,false,false,,false,false
00219162-c07d-46ad-ae6c-a1303d812ac8,countries:Thailand,http://xbrl.frc.org.uk/cd/2023-01-01/countries,Thailand,stringItemType,nonnum:domainItemType,xbrli:item,duration,true,true,,,false,false,,false,false
0022fc61-ebfe-4d88-bd1b-8554f2cfcd24,core:LoansAdvancesGrantedToAssociatesJointVenturesParticipatingInterestsClassifiedAsFinancingActivities,http://xbrl.frc.org.uk/fr/2023-01-01/core,LoansAdvancesGrantedToAssociatesJointVenturesParticipatingInterestsClassifiedAsFinancingActivities,monetaryItemType,xbrli:monetaryItemType,xbrli:item,duration,false,true,credit,,false,false,,false,false
002bfd09-b89f-415d-8144-4c9504f326d5,core:ItemsInCourseCollectionFromOtherBanks,http://xbrl.frc.org.uk/fr/2023-01-01/core,ItemsInCourseCollectionFromOtherBanks,monetaryItemType,xbrli:monetaryItemType,xbrli:item,instant,false,true,debit,,false,false,,false,false
003d29da-92e4-435b-9377-47927706ae31,core:MarginAccountsDueToBrokers,http://xbrl.frc.org.uk/fr/2023-01-01/core,MarginAccountsDueToBrokers,monetaryItemType,xbrli:monetaryItemType,xbrli:item,instant,false,true,credit,,false,false,,false,false
00408754-1450-4959-8b7c-eaa4e2a2ba44,core:MajorCustomer11,http://xbrl.frc.org.uk/fr/2023-01-01/core,MajorCustomer11,stringItemType,nonnum:domainItemType,xbrli:item,duration,true,true,,,false,false,,false,false
00493968-b41f-4727-b1b4-cafaf7c3a247,core:DividendExpenseOnSecuritiesSoldButNotPurchased,http://xbrl.frc.org.uk/fr/2023-01-01/core,DividendExpenseOnSecuritiesSoldButNotPurchased,monetaryItemType,xbrli:monetaryItemType,xbrli:item,duration,false,true,debit,,false,false,,false,false
0052ecad-7609-4af1-8971-1c14e423914d,core:FairValueAssetsDefinedBenefitPlan,http://xbrl.frc.org.uk/fr/2023-01-01/core,FairValueAssetsDefinedBenefitPlan,monetaryItemType,xbrli:monetaryItemType,xbrli:item,instant,false,true,debit,,false,false,,false,false
005a2558-6642-4c40-a963-64c65f58a7aa,core:Subsidiary3,http://xbrl.frc.org.uk/fr/2023-01-01/core,Subsidiary3,stringItemType,nonnum:domainItemType,xbrli:item,duration,true,true,,,false,false,,false,false
005d8f93-3b21-4ad1-9ff4-94999401619f,core:PaymentsRelatedToChangesInOwnershipInterestsInSubsidiariesThatDoNotResultInLossControl,http://xbrl.frc.org.uk/fr/2023-01-01/core,PaymentsRelatedToChangesInOwnershipInterestsInSubsidiariesThatDoNotResultInLossControl,monetaryItemType,xbrli:monetaryItemType,xbrli:item,duration,false,true,credit,,false,false,,false,false
0078f826-b13f-4fb9-959f-00a8fd5efb11,dpl:AuditAccountancyAuditCosts,http://xbrl.frc.org.uk/dpl/2023-01-01,AuditAccountancyAuditCosts,monetaryItemType,xbrli:monetaryItemType,xbrli:item,duration,false,false,debit,,false,false,,false,false
007e7756-da51-4245-9618-48a5354784d1,core:JointVenture1,http://xbrl.frc.org.uk/fr/2023-01-01/core,JointVenture1,stringItemType,nonnum:domainItemType,xbrli:item,duration,true,true,,,false,false,,false,false
007f7592-d28c-42e0-ab17-981985fa0204,core:PropertyPlantEquipmentWithRestrictedTitleHeading,http://xbrl.frc.org.uk/fr/2023-01-01/core,PropertyPlantEquipmentWithRestrictedTitleHeading,stringItemType,types:headingItemType,xbrli:item,duration,true,true,,,false,false,,false,false
008b1320-92dc-4e83-9b75-c4c3e95b5abd,core:CarryingAmountFinancialAssetsWhichDoNotQualifyForRecognition,http://xbrl.frc.org.uk/fr/2023-01-01/core,CarryingAmountFinancialAssetsWhichDoNotQualifyForRecognition,monetaryItemType,xbrli:monetaryItemType,xbrli:item,instant,false,true,debit,,false,false,,false,false
008b28b6-c5af-42e2-982b-55b6a6845914,core:Investments,http://xbrl.frc.org.uk/fr/2023-01-01/core,Investments,monetaryItemType,xbrli:monetaryItemType,xbrli:item,instant,false,true,debit,,false,false,,false,false
0092e7bb-d0ff-473c-89ab-48cb6dc91972,core:IncreaseDecreaseInNumberNon-treasurySharesHeld,http://xbrl.frc.org.uk/fr/2023-01-01/core,IncreaseDecreaseInNumberNon-treasurySharesHeld,sharesItemType,xbrli:sharesItemType,xbrli:item,duration,false,true,,,false,false,,false,false
0094934d-f844-4e5c-8891-d7d260fd1451,core:IncomeFromAssociatesJointVenturesParticipatingInterests,http://xbrl.frc.org.uk/fr/2023-01-01/core,IncomeFromAssociatesJointVenturesParticipatingInterests,monetaryItemType,xbrli:monetaryItemType,xbrli:item,duration,false,true,credit,,false,false,,false,false
00960d3b-b751-41ca-82b8-41065adb1688,core:RevenueFromConstructionContracts,http://xbrl.frc.org.uk/fr/2023-01-01/core,RevenueFromConstructionContracts,monetaryItemType,xbrli:monetaryItemType,xbrli:item,duration,false,true,credit,,false,false,,false,false
009e2467-7427-4cce-9de4-d4ebd102cdd3,bus:CumulativeShares,http://xbrl.frc.org.uk/cd/2023-01-01/business,CumulativeShares,stringItemType,nonnum:domainItemType,xbrli:item,duration,true,true,,,false,false,,false,false
00a24312-db75-4a67-8506-c8dd0df7993e,core:EquityInterestInAcquireeHeldByAcquirerImmediatelyBeforeAcquisitionDateFairValueAcquisitionDate,http://xbrl.frc.org.uk/fr/2023-01-01/core,EquityInterestInAcquireeHeldByAcquirerImmediatelyBeforeAcquisitionDateFairValueAcquisitionDate,monetaryItemType,xbrli:monetaryItemType,xbrli:item,instant,false,true,credit,,false,false,,false,false
00a6d877-5f86-47a2-8e67-fc12e8cef72a,core:CreditRiskInternalGrade6,http://xbrl.frc.org.uk/fr/2023-01-01/core,CreditRiskInternalGrade6,stringItemType,nonnum:domainItemType,xbrli:item,duration,true,true,,,false,false,,false,false
00aaebc5-d0a1-457d-8b91-c8b654f7b175,core:DescriptionOtherSalesChannelType,http://xbrl.frc.org.uk/fr/2023-01-01/core,DescriptionOtherSalesChannelType,stringItemType,xbrli:stringItemType,xbrli:item,duration,false,true,,,false,false,,false,false
00b0081d-ea33-4bee-bd50-654ae6211a7c,countries:NorthernIreland,http://xbrl.frc.org.uk/cd/2023-01-01/countries,NorthernIreland,stringItemType,nonnum:domainItemType,xbrli:item,duration,true,true,,,false,false,,false,false
00b10b3e-cca8-4b9e-a53f-fe2963c45a84,curr:GibraltarPound,http://xbrl.frc.org.uk/cd/2023-01-01/currencies,GibraltarPound,stringItemType,nonnum:domainItemType,xbrli:item,duration,true,true,,,false,false,,false,false
00b77c0c-37f3-4dc3-ad28-5927642fec1f,core:TaxExpenseCreditOnFinanceIncomeExpenseFromInsuranceContractsIssuedInOtherComprehensiveIncome,http://xbrl.frc.org.uk/fr/2023-01-01/core,TaxExpenseCreditOnFinanceIncomeExpenseFromInsuranceContractsIssuedInOtherComprehensiveIncome,monetaryItemType,xbrli:monetaryItemType,xbrli:item,duration,false,true,debit,,false,false,,false,false
00cf163d-0cfe-4e05-8596-2b4be33cbce4,core:OilSegment,http://xbrl.frc.org.uk/fr/2023-01-01/core,OilSegment,stringItemType,nonnum:domainItemType,xbrli:item,duration,true,true,,,false,false,,false,false
00dd1a38-705b-4163-afb7-313b7bf66125,core:ExplorationEvaluationExpenditurePolicyExtractiveIndustries,http://xbrl.frc.org.uk/fr/2023-01-01/core,ExplorationEvaluationExpenditurePolicyExtractiveIndustries,stringItemType,xbrli:stringItemType,xbrli:item,duration,false,true,,,false,false,,false,false
00ddf73d-9186-4377-9cfd-34d0c2f45a81,core:TransferToStage1,http://xbrl.frc.org.uk/fr/2023-01-01/core,TransferToStage1,stringItemType,nonnum:domainItemType,xbrli:item,duration,true,true,,,false,false,,false,false
00deee70-9a3f-4ff9-a315-6b2e03536a0b,core:IncreaseDecreaseInExistingProvisionsRecognisedInEquity,http://xbrl.frc.org.uk/fr/2023-01-01/core,IncreaseDecreaseInExistingProvisionsRecognisedInEquity,monetaryItemType,xbrli:monetaryItemType,xbrli:item,duration,false,true,credit,,false,false,,false,false
00e8d24f-da4a-4c98-962f-cc9a166f79c0,core:InterestExpenseHeading,http://xbrl.frc.org.uk/fr/2023-01-01/core,InterestExpenseHeading,stringItemType,types:headingItemType,xbrli:item,duration,true,true,,,false,false,,false,false
00ec18cb-d788-4c2f-af90-73cc0689c7bf,bus:OriginalRevisedDataDimension,http://xbrl.frc.org.uk/cd/2023-01-01/business,OriginalRevisedDataDimension,stringItemType,xbrli:stringItemType,xbrldt:dimensionItem,duration,true,true,,,true,false,,false,false
00f163e9-8fc0-4830-b7f3-8e5197b68a3d,core:GainLossOnFinancialInstrumentsNotFairValueThroughProfitOrLossFromForeignExchangeDifferences,http://xbrl.frc.org.uk/fr/2023-01-01/core,GainLossOnFinancialInstrumentsNotFairValueThroughProfitOrLossFromForeignExchangeDifferences,monetaryItemType,xbrli:monetaryItemType,xbrli:item,duration,false,true,credit,,false,false,,false,false
00f233a2-054d-4490-b2a7-4c251c74359c,direp:DiversityInclusionReporting-BoardExecutiveManagement-ByEthnicityPrimaryItems,http://xbrl.frc.org.uk/reports/2023-01-01/direp,DiversityInclusionReporting-BoardExecutiveManagement-ByEthnicityPrimaryItems,stringItemType,xbrli:stringItemType,xbrli:item,duration,true,true,,,false,false,,false,false
00f6c09e-916f-4c40-b10d-b537004cb736,core:CostValuation,http://xbrl.frc.org.uk/fr/2023-01-01/core,CostValuation,stringItemType,nonnum:domainItemType,xbrli:item,duration,true,true,,,false,false,,false,false
00fc9296-84a1-423d-b71f-16b901207e15,core:IncreaseDecreaseInNetInsuranceLiabilityAssetFromIncurredClaimsPaidOtherInsuranceServiceExpensePaidForInsuranceContractsIssuedExcludingInsuranceAcquisitionCashFlow,http://xbrl.frc.org.uk/fr/2023-01-01/core,IncreaseDecreaseInNetInsuranceLiabilityAssetFromIncurredClaimsPaidOtherInsuranceServiceExpensePaidForInsuranceContractsIssuedExcludingInsuranceAcquisitionCashFlow,monetaryItemType,xbrli:monetaryItemType,xbrli:item,duration,false,true,credit,,false,false,,false,false
0108df04-b327-4c97-8c25-502b02948dc5,core:FurtherItemCurrentAssetsBalanceSheet-onlyItemComponentTotalCurrentAssets,http://xbrl.frc.org.uk/fr/2023-01-01/core,FurtherItemCurrentAssetsBalanceSheet-onlyItemComponentTotalCurrentAssets,monetaryItemType,xbrli:monetaryItemType,xbrli:item,instant,false,true,debit,,false,false,,false,false
0110718b-87ff-41e8-a80c-2d9365a3315e,core:BankingIndustryConcentrationRisk,http://xbrl.frc.org.uk/fr/2023-01-01/core,BankingIndustryConcentrationRisk,stringItemType,nonnum:domainItemType,xbrli:item,duration,true,true,,,false,false,,false,false
01132bd3-1d8a-4670-9940-0491485f6397,core:DeferredIncomeCurrentLiability,http://xbrl.frc.org.uk/fr/2023-01-01/core,DeferredIncomeCurrentLiability,monetaryItemType,xbrli:monetaryItemType,xbrli:item,instant,false,true,credit,,false,false,,false,false
01234b99-4823-4cc0-a319-de5179be18ff,core:ImpairmentReversalInvestmentPropertyCostModel,http://xbrl.frc.org.uk/fr/2023-01-01/core,ImpairmentReversalInvestmentPropertyCostModel,monetaryItemType,xbrli:monetaryItemType,xbrli:item,duration,false,true,credit,,false,false,,false,false
0127d9ad-f191-4a1a-88d7-978f02ce8758,core:FairValueMonetaryAssetsForForeignExchangeExposureAnalysis,http://xbrl.frc.org.uk/fr/2023-01-01/core,FairValueMonetaryAssetsForForeignExchangeExposureAnalysis,monetaryItemType,xbrli:monetaryItemType,xbrli:item,instant,false,true,debit,,false,false,,false,false
01306f03-a1d9-4cde-ba33-d34b12538788,core:AmountsRecoverableOnContracts,http://xbrl.frc.org.uk/fr/2023-01-01/core,AmountsRecoverableOnContracts,monetaryItemType,xbrli:monetaryItemType,xbrli:item,instant,false,true,debit,,false,false,,false,false
01316b89-e6f4-42ca-af14-59a991268331,lang:Greenlandic,http://xbrl.frc.org.uk/cd/2023-01-01/languages,Greenlandic,stringItemType,nonnum:domainItemType,xbrli:item,duration,true,true,,,false,false,,false,false
01373388-7686-4218-b25f-c6baef7731e9,core:OtherIncreaseDecreaseInContractAssets,http://xbrl.frc.org.uk/fr/2023-01-01/core,OtherIncreaseDecreaseInContractAssets,monetaryItemType,xbrli:monetaryItemType,xbrli:item,duration,false,true,debit,,false,false,,false,false
014041ce-7b2c-4503-bf25-146ac7f8c6d0,core:InterestPaidClassifiedAsInvestmentActivities,http://xbrl.frc.org.uk/fr/2023-01-01/core,InterestPaidClassifiedAsInvestmentActivities,monetaryItemType,xbrli:monetaryItemType,xbrli:item,duration,false,true,credit,,false,false,,false,false
014759f9-dfc0-4fcd-adab-be6db3b4522f,core:GainLossInCashFlowsFromChangeInDueToBrokers,http://xbrl.frc.org.uk/fr/2023-01-01/core,GainLossInCashFlowsFromChangeInDueToBrokers,monetaryItemType,xbrli:monetaryItemType,xbrli:item,duration,false,true,debit,,false,false,,false,false
014ca5f9-48aa-49aa-ad67-87a8936055f7,core:IncreaseDecreaseInDeferredTaxLiabilityFromAmountRecognisedInProfitOrLoss,http://xbrl.frc.org.uk/fr/2023-01-01/core,IncreaseDecreaseInDeferredTaxLiabilityFromAmountRecognisedInProfitOrLoss,monetaryItemType,xbrli:monetaryItemType,xbrli:item,duration,false,true,credit,,false,false,,false,false
01578906-b77f-4ae7-a844-29b39c03a74c,core:DebtSecuritiesAcquired,http://xbrl.frc.org.uk/fr/2023-01-01/core,DebtSecuritiesAcquired,monetaryItemType,xbrli:monetaryItemType,xbrli:item,instant,false,true,debit,,false,false,,false,false
015be999-638d-4060-a68c-06da7d238f1b,core:GainLossOnFinancialInstrumentsFairValueThroughOtherComprehensiveIncome,http://xbrl.frc.org.uk/fr/2023-01-01/core,GainLossOnFinancialInstrumentsFairValueThroughOtherComprehensiveIncome,monetaryItemType,xbrli:monetaryItemType,xbrli:item,duration,false,true,credit,,false,false,,false,false
0163f5d2-c681-4a96-8dbd-2c48a9b35ee4,core:DescriptionPrimaryReasonsForBusinessCombinationHowControlAcquired,http://xbrl.frc.org.uk/fr/2023-01-01/core,DescriptionPrimaryReasonsForBusinessCombinationHowControlAcquired,stringItemType,xbrli:stringItemType,xbrli:item,duration,false,true,,,false,false,,false,false
0164d68b-69fd-4f9d-b039-5332ab12a862,core:OptionContractPurchased,http://xbrl.frc.org.uk/fr/2023-01-01/core,OptionContractPurchased,stringItemType,nonnum:domainItemType,xbrli:item,duration,true,true,,,false,false,,false,false
01752de5-6105-47b0-b466-20b1b2ff81d0,core:TaxRateIncreaseDecreaseFromTransferPricingAdjustments,http://xbrl.frc.org.uk/fr/2023-01-01/core,TaxRateIncreaseDecreaseFromTransferPricingAdjustments,pureItemType,num:percentItemType,xbrli:item,duration,false,true,,,false,false,,false,false
01764a99-ce3b-4b6b-87be-20b87e15f3e5,core:FurtherRelatedPartyRelationshipType2ComponentAllOtherRelatedParties,http://xbrl.frc.org.uk/fr/2023-01-01/core,FurtherRelatedPartyRelationshipType2ComponentAllOtherRelatedParties,stringItemType,nonnum:domainItemType,xbrli:item,duration,true,true,,,false,false,,false,false
017f0646-ea2e-4ade-b29b-a64d9435c604,countries:PalestinianState,http://xbrl.frc.org.uk/cd/2023-01-01/countries,PalestinianState,stringItemType,nonnum:domainItemType,xbrli:item,duration,true,true,,,false,false,,false,false
017fa078-5640-473e-a60f-35c39fdcaf50,core:WeightedAverageExercisePriceEquityInstrumentsTransferredInFromOutToGroupEntitiesShare-basedPaymentArrangement,http://xbrl.frc.org.uk/fr/2023-01-01/core,WeightedAverageExercisePriceEquityInstrumentsTransferredInFromOutToGroupEntitiesShare-basedPaymentArrangement,decimalItemType,num:perShareItemType,xbrli:item,duration,false,true,,,false,false,,false,false
01816fbe-575c-4d30-8488-794e2e5a52f4,core:NumberSharesIssuedSpecificShareIssue,http://xbrl.frc.org.uk/fr/2023-01-01/core,NumberSharesIssuedSpecificShareIssue,sharesItemType,xbrli:sharesItemType,xbrli:item,duration,false,true,,,false,false,,false,false
018b7f14-dd0f-402c-810b-c1c02053877f,core:TaxExpenseCreditApplicableTaxRate,http://xbrl.frc.org.uk/fr/2023-01-01/core,TaxExpenseCreditApplicableTaxRate,monetaryItemType,xbrli:monetaryItemType,xbrli:item,duration,false,true,debit,,false,false,,false,false
01913e0f-c04c-4806-a5f8-408449b97cc8,core:ProductionManufacturingExpense,http://xbrl.frc.org.uk/fr/2023-01-01/core,ProductionManufacturingExpense,monetaryItemType,xbrli:monetaryItemType,xbrli:item,duration,false,true,debit,,false,false,,false,false
01aa62f4-183d-4857-88a1-9404e32b016c,core:VotingPowerInAssociateIfDifferentFromOwnershipInterestPercent,http://xbrl.frc.org.uk/fr/2023-01-01/core,VotingPowerInAssociateIfDifferentFromOwnershipInterestPercent,pureItemType,num:percentItemType,xbrli:item,duration,false,true,,,false,false,,false,false
01af586a-6c0d-4e04-8c98-3afeaa4e2c58,core:DividendsPaidOnRedeemablePreferenceSharesClassifiedAsFinancingActivities,http://xbrl.frc.org.uk/fr/2023-01-01/core,DividendsPaidOnRedeemablePreferenceSharesClassifiedAsFinancingActivities,monetaryItemType,xbrli:monetaryItemType,xbrli:item,duration,false,true,credit,,false,false,,false,false
01af7101-0f94-48f0-b96a-5fe0dc8660db,bus:Non-cumulativeRedeemableShares,http://xbrl.frc.org.uk/cd/2023-01-01/business,Non-cumulativeRedeemableShares,stringItemType,nonnum:domainItemType,xbrli:item,duration,true,true,,,false,false,,false,false
01b1ace6-f732-4dfc-810a-599a10c78d8d,core:GrossContractualAmountsReceivableForAcquiredReceivables,http://xbrl.frc.org.uk/fr/2023-01-01/core,GrossContractualAmountsReceivableForAcquiredReceivables,monetaryItemType,xbrli:monetaryItemType,xbrli:item,instant,false,true,debit,,false,false,,false,false
01b73c76-a69b-4a21-8c5f-fc857be880ba,lang:Albanian,http://xbrl.frc.org.uk/cd/2023-01-01/languages,Albanian,stringItemType,nonnum:domainItemType,xbrli:item,duration,true,true,,,false,false,,false,false
01bc6d92-9113-441c-bae3-cc04bd1b1003,core:FurtherItemIncreaseDecreaseInAmortisationImpairmentIntangibleAssetsComponentCorrespondingTotal,http://xbrl.frc.org.uk/fr/2023-01-01/core,FurtherItemIncreaseDecreaseInAmortisationImpairmentIntangibleAssetsComponentCorrespondingTotal,monetaryItemType,xbrli:monetaryItemType,xbrli:item,duration,false,true,credit,,false,false,,false,false
01bec3cd-d9a5-4bf1-84dc-bcebe150c9e3,core:BorrowingCostsIncludedInCostQualifyingAssets,http://xbrl.frc.org.uk/fr/2023-01-01/core,BorrowingCostsIncludedInCostQualifyingAssets,monetaryItemType,xbrli:monetaryItemType,xbrli:item,duration,false,true,credit,,false,false,,false,false
01c99a24-6be9-47a1-98c1-6ed936f23e3b,core:BusinessDivestitureDecreaseInDepreciationImpairmentBiologicalAssetsCostModel,http://xbrl.frc.org.uk/fr/2023-01-01/core,BusinessDivestitureDecreaseInDepreciationImpairmentBiologicalAssetsCostModel,monetaryItemType,xbrli:monetaryItemType,xbrli:item,duration,false,true,debit,,false,false,,false,false
01ec2aaa-4926-4647-a686-90d9bebc02f8,countries:CapeVerde,http://xbrl.frc.org.uk/cd/2023-01-01/countries,CapeVerde,stringItemType,nonnum:domainItemType,xbrli:item,duration,true,true,,,false,false,,false,false
01f6b75e-040d-4fed-ba90-6e94eb280d30,core:IncreaseDecreaseInExistingProvisionsRecognisedInOtherComprehensiveIncome,http://xbrl.frc.org.uk/fr/2023-01-01/core,IncreaseDecreaseInExistingProvisionsRecognisedInOtherComprehensiveIncome,monetaryItemType,xbrli:monetaryItemType,xbrli:item,duration,false,true,credit,,false,false,,false,false
01ff9b4e-cf4b-4710-bb5d-77d3cb50a1d7,core:DisposalsDiscontinuedOperationsHeading,http://xbrl.frc.org.uk/fr/2023-01-01/core,DisposalsDiscontinuedOperationsHeading,stringItemType,types:headingItemType,xbrli:item,duration,true,true,,,false,false,,false,false
02161844-e001-4397-b07d-0ba1a2708961,direp:StatementThatMembersHaveNotRequiredCompanyToObtainAnAudit,http://xbrl.frc.org.uk/reports/2023-01-01/direp,StatementThatMembersHaveNotRequiredCompanyToObtainAnAudit,stringItemType,xbrli:stringItemType,xbrli:item,duration,false,true,,,false,false,,false,false
021809fc-c40e-42ea-af3e-8dc952d9ba92,dpl:Item8,http://xbrl.frc.org.uk/dpl/2023-01-01,Item8,stringItemType,nonnum:domainItemType,xbrli:item,duration,true,false,,,false,false,,false,false
0222bff6-59f1-436d-9cdc-2a84962f4183,countries:FurtherSpecificRegion4ComponentAllCountriesRegions,http://xbrl.frc.org.uk/cd/2023-01-01/countries,FurtherSpecificRegion4ComponentAllCountriesRegions,stringItemType,nonnum:domainItemType,xbrli:item,duration,true,true,,,false,false,,false,false
0229d2fe-654b-43bf-a0b1-66039077b229,core:UseBiologicalAssetsMaturityDimensionToDistinguishMatureImmatureAssetsGuidance,http://xbrl.frc.org.uk/fr/2023-01-01/core,UseBiologicalAssetsMaturityDimensionToDistinguishMatureImmatureAssetsGuidance,stringItemType,types:guidanceItemType,xbrli:item,duration,true,true,,,false,false,,false,false
023cbb16-da3b-4a07-ab9a-064b9720c49c,core:DescriptionSignificantChangesInCarryingAmountNetInvestmentInFinanceLeasesLessor,http://xbrl.frc.org.uk/fr/2023-01-01/core,DescriptionSignificantChangesInCarryingAmountNetInvestmentInFinanceLeasesLessor,stringItemType,xbrli:stringItemType,xbrli:item,duration,false,true,,,false,false,,false,false
025030a5-20df-49e3-8278-4c9f1f20551b,core:TransactionCostsIncreaseDecreaseInEquity,http://xbrl.frc.org.uk/fr/2023-01-01/core,TransactionCostsIncreaseDecreaseInEquity,monetaryItemType,xbrli:monetaryItemType,xbrli:item,duration,false,true,credit,,false,false,,false,false
025407e4-9362-457d-98e6-3c6876caf79d,accrep:UseThirdPartyAgentStatusDimensionToIdentifyMultipleAccountantsOrJointAccountantsGuidance,http://xbrl.frc.org.uk/reports/2023-01-01/accrep,UseThirdPartyAgentStatusDimensionToIdentifyMultipleAccountantsOrJointAccountantsGuidance,stringItemType,types:guidanceItemType,xbrli:item,duration,true,true,,,false,false,,false,false
02550481-6edc-454e-88b5-76f345d65300,core:StatementOnNon-disclosureInformationRegardingProvisions,http://xbrl.frc.org.uk/fr/2023-01-01/core,StatementOnNon-disclosureInformationRegardingProvisions,stringItemType,xbrli:stringItemType,xbrli:item,duration,false,true,,,false,false,,false,false
025627dd-bd01-4c82-ab7d-0110dbeaa0a7,core:ProductService7,http://xbrl.frc.org.uk/fr/2023-01-01/core,ProductService7,stringItemType,nonnum:domainItemType,xbrli:item,duration,true,true,,,false,false,,false,false
026639e2-591d-4b41-9042-7b3a6842e1b9,direp:PaymentsToThirdPartiesForDirectorsServicesHeading,http://xbrl.frc.org.uk/reports/2023-01-01/direp,PaymentsToThirdPartiesForDirectorsServicesHeading,stringItemType,types:headingItemType,xbrli:item,duration,true,true,,,false,false,,false,false
02718ffd-95d8-46a4-8695-0530f799473c,core:DescriptionRelationshipBetweenReportingEntityTrusteesManagersDefinedBenefitPlan,http://xbrl.frc.org.uk/fr/2023-01-01/core,DescriptionRelationshipBetweenReportingEntityTrusteesManagersDefinedBenefitPlan,stringItemType,xbrli:stringItemType,xbrli:item,duration,false,true,,,false,false,,false,false
0279f1e5-f0fb-4f0c-b66a-2dbad33cc4bc,core:SubsidiariesWithMaterialNon-controllingInterests,http://xbrl.frc.org.uk/fr/2023-01-01/core,SubsidiariesWithMaterialNon-controllingInterests,stringItemType,nonnum:domainItemType,xbrli:item,duration,true,true,,,false,false,,false,false
027b8c33-0986-4f77-b0ec-3beae1e38a5b,core:ForRemainingInvestmentIncomeExpenseItemsSeeNotesOnIncomeExpenseSectionInBankingFinanceSectorItemsSectionCross-reference,http://xbrl.frc.org.uk/fr/2023-01-01/core,ForRemainingInvestmentIncomeExpenseItemsSeeNotesOnIncomeExpenseSectionInBankingFinanceSectorItemsSectionCross-reference,stringItemType,types:xrefItemType,xbrli:item,duration,true,true,,,false,false,,false,false
0284d301-344d-4d76-b0c5-c870f150fa8d,core:Subsidiary150,http://xbrl.frc.org.uk/fr/2023-01-01/core,Subsidiary150,stringItemType,nonnum:domainItemType,xbrli:item,duration,true,true,,,false,false,,false,false
028675ea-32fd-4493-8d65-c4325f9fb326,core:ConvertiblePreferenceSharesDeferredTax,http://xbrl.frc.org.uk/fr/2023-01-01/core,ConvertiblePreferenceSharesDeferredTax,stringItemType,nonnum:domainItemType,xbrli:item,duration,true,true,,,false,false,,false,false
028bcf05-bef8-4a7f-8b57-52c38074d99e,core:Non-currentFinancialInstruments,http://xbrl.frc.org.uk/fr/2023-01-01/core,Non-currentFinancialInstruments,stringItemType,nonnum:domainItemType,xbrli:item,duration,true,true,,,false,false,,false,false
0298d41a-e76d-466c-96ff-d5bf8e9fbb08,core:TaxExpenseCreditDueToChangesInInterestRatesOtherFinancialAssumptionsFromInsuranceContractsIssuedInOtherComprehensiveIncome,http://xbrl.frc.org.uk/fr/2023-01-01/core,TaxExpenseCreditDueToChangesInInterestRatesOtherFinancialAssumptionsFromInsuranceContractsIssuedInOtherComprehensiveIncome,monetaryItemType,xbrli:monetaryItemType,xbrli:item,duration,false,true,debit,,false,false,,false,false
029b2b07-dd6a-4a76-b777-7c1d9c00508b,core:GainLossOnFinancialAssetsLiabilitiesHeldForTrading,http://xbrl.frc.org.uk/fr/2023-01-01/core,GainLossOnFinancialAssetsLiabilitiesHeldForTrading,monetaryItemType,xbrli:monetaryItemType,xbrli:item,duration,false,true,credit,,false,false,,false,false
029b607f-1aea-4cc6-8f04-15c127e56830,core:Share-basedPaymentArrangementsDimension,http://xbrl.frc.org.uk/fr/2023-01-01/core,Share-basedPaymentArrangementsDimension,stringItemType,xbrli:stringItemType,xbrldt:dimensionItem,duration,true,true,,,true,false,,false,false
029e92ce-615a-40a8-af4f-a826bc700732,core:IncreaseDecreaseGoodwillRelatedToBusinessCombinationFromSubsequentRecognitionDeferredTaxAssets,http://xbrl.frc.org.uk/fr/2023-01-01/core,IncreaseDecreaseGoodwillRelatedToBusinessCombinationFromSubsequentRecognitionDeferredTaxAssets,monetaryItemType,xbrli:monetaryItemType,xbrli:item,duration,false,true,debit,,false,false,,false,false
02ab95b5-bedd-482e-88ac-faeb3b9c79b0,core:Subsidiary40,http://xbrl.frc.org.uk/fr/2023-01-01/core,Subsidiary40,stringItemType,nonnum:domainItemType,xbrli:item,duration,true,true,,,false,false,,false,false
02b1d67e-e6d7-4329-b978-705bd07bf029,core:AccumulatedImpairmentNotIncludingDepreciationBiologicalAssetsCostModel,http://xbrl.frc.org.uk/fr/2023-01-01/core,AccumulatedImpairmentNotIncludingDepreciationBiologicalAssetsCostModel,monetaryItemType,xbrli:monetaryItemType,xbrli:item,instant,false,true,credit,,false,false,,false,false
02c13deb-6c58-4004-8b15-4a3fd473c527,core:IssueOrdinaryShares,http://xbrl.frc.org.uk/fr/2023-01-01/core,IssueOrdinaryShares,monetaryItemType,xbrli:monetaryItemType,xbrli:item,duration,false,true,credit,,false,false,,false,false
02c41d65-41aa-4212-9923-843a5871742a,direp:StatementThatAccountsHaveBeenPreparedInAccordanceWithProvisionsSmallCompaniesRegime,http://xbrl.frc.org.uk/reports/2023-01-01/direp,StatementThatAccountsHaveBeenPreparedInAccordanceWithProvisionsSmallCompaniesRegime,stringItemType,xbrli:stringItemType,xbrli:item,duration,false,true,,,false,false,,false,false
02d0eebc-04df-44c3-87d8-c755a5eea776,core:BusinessCombinations-FinInstrumentsHypercube,http://xbrl.frc.org.uk/fr/2023-01-01/core,BusinessCombinations-FinInstrumentsHypercube,stringItemType,xbrli:stringItemType,xbrldt:hypercubeItem,duration,true,true,,,false,false,,false,false
02d3578c-2583-4852-9256-ea954456751d,core:Provisions-SegmentsPrimaryItems,http://xbrl.frc.org.uk/fr/2023-01-01/core,Provisions-SegmentsPrimaryItems,stringItemType,xbrli:stringItemType,xbrli:item,duration,true,true,,,false,false,,false,false
02d78888-2fb0-4af6-9329-e1209acc5233,core:WithinOneYearOverTime,http://xbrl.frc.org.uk/fr/2023-01-01/core,WithinOneYearOverTime,stringItemType,nonnum:domainItemType,xbrli:item,duration,true,true,,,false,false,,false,false
02e63817-61e5-4736-888f-d382c255f6d5,core:IncreaseDecreaseDueToChangesInFutureCashFlowsCurrentRatesWhenContractualServiceMarginUnlockedLocked-inRatesFromInsuranceContractsIssued,http://xbrl.frc.org.uk/fr/2023-01-01/core,IncreaseDecreaseDueToChangesInFutureCashFlowsCurrentRatesWhenContractualServiceMarginUnlockedLocked-inRatesFromInsuranceContractsIssued,monetaryItemType,xbrli:monetaryItemType,xbrli:item,duration,false,true,credit,,false,false,,false,false
02f08b80-64c3-414e-919d-7256c1faab44,core:DisposalsInvestmentPropertyCostModel,http://xbrl.frc.org.uk/fr/2023-01-01/core,DisposalsInvestmentPropertyCostModel,monetaryItemType,xbrli:monetaryItemType,xbrli:item,duration,false,true,credit,,false,false,,false,false
02f1be1a-0251-4bdd-8b33-f4a84bb858f8,core:MajorCustomer6,http://xbrl.frc.org.uk/fr/2023-01-01/core,MajorCustomer6,stringItemType,nonnum:domainItemType,xbrli:item,duration,true,true,,,false,false,,false,false
02f2695c-7420-426b-96fa-4d9c74fcf91c,core:ImpairmentLossBiologicalAssetsCostModel,http://xbrl.frc.org.uk/fr/2023-01-01/core,ImpairmentLossBiologicalAssetsCostModel,monetaryItemType,xbrli:monetaryItemType,xbrli:item,duration,false,true,debit,,false,false,,false,false