qname,path_count,parent_count,total_occurrences
common:NotApplicableDefault,39,39,39
countries:Jersey,36,6,36
countries:Guernsey,36,6,36
countries:OtherChannelIslands,27,3,27
core:InvestmentsInGroupUndertakings,18,6,18
countries:IsleMan,18,6,18
countries:UnitedKingdom,18,6,18
core:OwnShares,17,5,17
core:AmountSpecificBankLoan,16,2,16
core:DescriptionSpecificBankLoanIncludingRateRepaymentDate,16,2,16
core:PlantEquipmentUnderOperatingLeases,16,2,16
core:SpecificFloatingRateNoteHeldComponentTotalFloatingRateNotesHeld,16,2,16
core:SpecificSecuritisationNotesInIssueItemComponentTotalSecuritisationNotesInIssue,16,2,16
core:UseCurrentNon-currentDimensionToIdentifyCurrentNon-currentValuesGuidance,16,4,16
core:OtherAssetsUnderOperatingLeases,16,2,16
core:EffectiveInterestRateOnBankOverdrafts,16,2,16
core:Medium-termNotesInIssue,16,2,16
core:EffectiveInterestRateOnBankBorrowings,16,2,16
core:BondsInIssue,16,2,16
core:UseCurrentNon-currentDimensionToIdentifyWithinOneYearAfterOneYearValuesGuidance,14,6,14
core:PensionCostsDefinedContributionPlan,10,4,10
core:InvestmentsInAssociatesJointVenturesParticipatingInterests,10,4,10
countries:CongoDemocraticRepublic,9,3,9
countries:CookIslands,9,3,9
countries:CostaRica,9,3,9
countries:CoteDIvoire,9,3,9
countries:Croatia,9,3,9
countries:Cuba,9,3,9
countries:Curaçao,9,3,9
countries:Cyprus,9,3,9
countries:CzechRepublic,9,3,9
countries:Denmark,9,3,9
countries:Djibouti,9,3,9
countries:Dominica,9,3,9
countries:DominicanRepublic,9,3,9
countries:Ecuador,9,3,9
countries:Egypt,9,3,9
countries:ElSalvador,9,3,9
countries:England,9,3,9
countries:EnglandWales,9,3,9
countries:EquatorialGuinea,9,3,9
countries:Eritrea,9,3,9
countries:Estonia,9,3,9
countries:Ethiopia,9,3,9
countries:Europe,9,3,9
countries:EuropeanCommunity,9,3,9
countries:EuropeMiddleEastAfrica,9,3,9
countries:FalklandIslandsMalvinas,9,3,9
countries:FaroeIslands,9,3,9
countries:Fiji,9,3,9
countries:Finland,9,3,9
countries:France,9,3,9
countries:FrenchGuiana,9,3,9
countries:FrenchPolynesia,9,3,9
countries:FrenchSouthernTerritories,9,3,9
countries:FurtherSpecificRegion1ComponentAllCountriesRegions,9,3,9
countries:FurtherSpecificRegion2ComponentAllCountriesRegions,9,3,9
countries:FurtherSpecificRegion3ComponentAllCountriesRegions,9,3,9
countries:FurtherSpecificRegion4ComponentAllCountriesRegions,9,3,9
countries:FurtherSpecificRegion5ComponentAllCountriesRegions,9,3,9
countries:FurtherSpecificRegion6ComponentAllCountriesRegions,9,3,9
countries:FurtherSpecificRegion7ComponentAllCountriesRegions,9,3,9
countries:FurtherSpecificRegion8ComponentAllCountriesRegions,9,3,9
countries:Gabon,9,3,9
countries:Gambia,9,3,9
countries:Georgia,9,3,9
countries:Germany,9,3,9
countries:Ghana,9,3,9
countries:Gibraltar,9,3,9
countries:GreatBritain,9,3,9
countries:Greece,9,3,9
countries:Greenland,9,3,9
countries:Grenada,9,3,9
countries:Guadeloupe,9,3,9
countries:Guam,9,3,9
countries:Guatemala,9,3,9
countries:Guinea,9,3,9
countries:Guinea-Bissau,9,3,9
countries:Guyana,9,3,9
countries:Haiti,9,3,9
countries:HeardIslandMcDonaldIslands,9,3,9
countries:HolySeeVaticanCityState,9,3,9
countries:Honduras,9,3,9
countries:HongKong,9,3,9
countries:Hungary,9,3,9
countries:Iceland,9,3,9
countries:India,9,3,9
countries:Indonesia,9,3,9
countries:IranIslamicRepublic,9,3,9
countries:Iraq,9,3,9
countries:Ireland,9,3,9
countries:Israel,9,3,9
countries:Italy,9,3,9
countries:Jamaica,9,3,9
countries:Japan,9,3,9
countries:BritishIndianOceanTerritory,9,3,9
countries:Kazakhstan,9,3,9
countries:Kenya,9,3,9
countries:Kiribati,9,3,9
countries:KoreaDemocraticPeoplesRepublic,9,3,9
countries:KoreaRepublic,9,3,9
countries:Kuwait,9,3,9
countries:Kyrgyzstan,9,3,9
countries:LaoPeoplesDemocraticRepublic,9,3,9
countries:LatinAmerica,9,3,9
countries:Jordan,9,3,9
countries:BruneiDarussalam,9,3,9
countries:Bulgaria,9,3,9
countries:BurkinaFaso,9,3,9
countries:Burundi,9,3,9
countries:Cambodia,9,3,9
countries:Cameroon,9,3,9
countries:Canada,9,3,9
countries:CapeVerde,9,3,9
countries:Caribbean,9,3,9
countries:CaymanIslands,9,3,9
countries:CentralAfricanRepublic,9,3,9
countries:CentralAmerica,9,3,9
countries:Chad,9,3,9
countries:ChannelIslands,9,3,9
countries:Chile,9,3,9
countries:China,9,3,9
countries:ChristmasIsland,9,3,9
countries:CocosKeelingIslands,9,3,9
countries:Colombia,9,3,9
countries:Comoros,9,3,9
countries:Congo,9,3,9
countries:SaintBarthélemy,9,3,9
countries:SaintHelenaAscensionTristanDaCunha,9,3,9
countries:SaintKittsNevis,9,3,9
countries:SaintLucia,9,3,9
countries:SaintMartinFrenchPart,9,3,9
countries:SaintPierreMiquelon,9,3,9
countries:SaintVincentGrenadines,9,3,9
countries:Samoa,9,3,9
countries:SanMarino,9,3,9
countries:SaoTomePrincipe,9,3,9
countries:SaudiArabia,9,3,9
countries:Scotland,9,3,9
countries:Senegal,9,3,9
countries:Serbia,9,3,9
countries:Seychelles,9,3,9
countries:SierraLeone,9,3,9
countries:Singapore,9,3,9
countries:SintMaartenDutchPart,9,3,9
countries:Slovakia,9,3,9
countries:Slovenia,9,3,9
countries:SolomonIslands,9,3,9
countries:Somalia,9,3,9
countries:SouthAfrica,9,3,9
countries:SouthAmerica,9,3,9
countries:South-eastAsia,9,3,9
countries:SouthGeorgiaSouthSandwichIslands,9,3,9
countries:SouthSudan,9,3,9
countries:Spain,9,3,9
countries:SriLanka,9,3,9
countries:Sudan,9,3,9
countries:Suriname,9,3,9
countries:SvalbardJanMayen,9,3,9
countries:Swaziland,9,3,9
countries:Sweden,9,3,9
countries:Switzerland,9,3,9
countries:SyrianArabRepublic,9,3,9
countries:TaiwanProvinceChina,9,3,9
countries:Tajikistan,9,3,9
countries:TanzaniaUnitedRepublic,9,3,9
countries:Thailand,9,3,9
countries:Timor-Leste,9,3,9
countries:Togo,9,3,9
countries:Tokelau,9,3,9
countries:Tonga,9,3,9
countries:TrinidadTobago,9,3,9
countries:Tunisia,9,3,9
countries:Turkey,9,3,9
countries:Turkmenistan,9,3,9
countries:TurksCaicosIslands,9,3,9
countries:Tuvalu,9,3,9
countries:Uganda,9,3,9
countries:Ukraine,9,3,9
countries:UnitedArabEmirates,9,3,9
countries:UnitedStates,9,3,9
countries:UnitedStatesMinorOutlyingIslands,9,3,9
countries:Uruguay,9,3,9
countries:Uzbekistan,9,3,9
countries:Vanuatu,9,3,9
countries:Venezuela,9,3,9
countries:VietNam,9,3,9
countries:VirginIslandsBritish,9,3,9
countries:VirginIslandsUS,9,3,9
countries:Wales,9,3,9
countries:WallisFutuna,9,3,9
countries:WesternSahara,9,3,9
countries:Yemen,9,3,9
countries:Zambia,9,3,9
countries:Zimbabwe,9,3,9
core:TradeDebtorsTradeReceivables,9,3,9
core:TreasuryBillsHeld,9,3,9
countries:Afghanistan,9,3,9
countries:Africa,9,3,9
countries:AlandIslands,9,3,9
countries:Albania,9,3,9
countries:Algeria,9,3,9
countries:AmericanSamoa,9,3,9
countries:Americas,9,3,9
countries:Andorra,9,3,9
countries:Angola,9,3,9
countries:Anguilla,9,3,9
countries:Antarctica,9,3,9
countries:AntiguaBarbuda,9,3,9
countries:Argentina,9,3,9
countries:Armenia,9,3,9
countries:Aruba,9,3,9
countries:Asia,9,3,9
countries:Australasia,9,3,9
countries:Australia,9,3,9
countries:Austria,9,3,9
countries:Azerbaijan,9,3,9
countries:Bahamas,9,3,9
countries:Bahrain,9,3,9
countries:Bangladesh,9,3,9
countries:Barbados,9,3,9
countries:Belarus,9,3,9
countries:Belgium,9,3,9
countries:Belize,9,3,9
countries:Benin,9,3,9
countries:Bermuda,9,3,9
countries:Bhutan,9,3,9
countries:Bolivia,9,3,9
countries:BonaireSintEustatiusSaba,9,3,9
countries:BosniaHerzegovina,9,3,9
countries:Botswana,9,3,9
countries:BouvetIsland,9,3,9
countries:Brazil,9,3,9
countries:LatinAmericaCaribbean,9,3,9
countries:Latvia,9,3,9
countries:Lebanon,9,3,9
core:DeferredTaxAssetDebtors,9,3,9
countries:Lesotho,9,3,9
countries:Liberia,9,3,9
countries:Libya,9,3,9
countries:Liechtenstein,9,3,9
countries:Lithuania,9,3,9
countries:Luxembourg,9,3,9
countries:Macao,9,3,9
core:LoansToAssociatesJointVenturesParticipatingInterests,9,3,9
core:LoansToGroupUndertakings,9,3,9
countries:MacedoniaFormerYugoslavRepublic,9,3,9
countries:Madagascar,9,3,9
countries:Malawi,9,3,9
core:AmountsOwedByAssociatesJointVenturesParticipatingInterests,9,3,9
core:AmountsOwedByGroupUndertakings,9,3,9
countries:Malaysia,9,3,9
countries:Maldives,9,3,9
countries:Mali,9,3,9
countries:Malta,9,3,9
countries:MarshallIslands,9,3,9
countries:Martinique,9,3,9
countries:Mauritania,9,3,9
countries:Mauritius,9,3,9
countries:Mayotte,9,3,9
core:OtherEligibleBillsHeld,9,3,9
countries:Mexico,9,3,9
countries:MicronesiaFederatedStates,9,3,9
countries:MiddleEast,9,3,9
core:OtherInvestmentsOtherThanLoans,9,3,9
core:BondsMedium-termNotesInIssue,9,3,9
core:OtherLoansClassifiedUnderInvestments,9,3,9
countries:MoldovaRepublic,9,3,9
countries:Monaco,9,3,9
countries:Mongolia,9,3,9
countries:Montenegro,9,3,9
countries:Montserrat,9,3,9
countries:Morocco,9,3,9
countries:Mozambique,9,3,9
countries:Myanmar,9,3,9
countries:Namibia,9,3,9
countries:Nauru,9,3,9
countries:Nepal,9,3,9
core:PensionStaffCostsDefinedBenefitPlan,9,3,9
countries:Netherlands,9,3,9
core:PrepaymentsAccruedIncome,9,3,9
countries:NewCaledonia,9,3,9
countries:NewZealand,9,3,9
countries:Nicaragua,9,3,9
countries:Niger,9,3,9
countries:Nigeria,9,3,9
countries:Niue,9,3,9
countries:NorfolkIsland,9,3,9
countries:NorthAmerica,9,3,9
countries:NorthernIreland,9,3,9
countries:NorthernMarianaIslands,9,3,9
countries:Norway,9,3,9
countries:Oman,9,3,9
countries:Pakistan,9,3,9
countries:Palau,9,3,9
countries:PalestinianState,9,3,9
countries:Panama,9,3,9
countries:PapuaNewGuinea,9,3,9
countries:Paraguay,9,3,9
countries:Peru,9,3,9
countries:Philippines,9,3,9
countries:Pitcairn,9,3,9
countries:Poland,9,3,9
countries:Portugal,9,3,9
countries:PuertoRico,9,3,9
countries:Qatar,9,3,9
countries:RestEuropeOutsideUK,9,3,9
countries:RestWorldOutsideEurope,9,3,9
countries:RestWorldOutsideUK,9,3,9
countries:Réunion,9,3,9
countries:Romania,9,3,9
countries:RussianFederation,9,3,9
countries:Rwanda,9,3,9
core:OtherPost-employmentBenefitCosts,8,2,8
core:DatedLoanCapital,8,2,8
core:FurtherSubordinatedLiabilitiesItemComponentTotalSubordinatedLiabilities,8,2,8
core:DebenturesHeld,8,2,8
core:DebenturesInIssue,8,4,8
core:OtherDebtorsBalanceSheetSubtotal,8,2,8
core:OtherDebtSecuritiesHeld,8,2,8
core:OtherDebtSecuritiesInIssue,8,2,8
core:UKTax,8,2,8
core:ForeignTax,8,2,8
core:AddressControllingParty,8,2,8
core:ControllingPartyUltimateControllingPartyTruefalse,8,2,8
curr:CanadianDollar,8,4,8
core:WagesSalariesExcludingRedundancyCosts,8,2,8
core:SeniorNotesInIssue,8,2,8
core:CoveredBondsInIssue,8,2,8
core:OtherPublicSectorDebtSecuritiesHeld,8,2,8
core:WagesSalariesIncludingRedundancyCosts,8,2,8
core:SubordinatedLiabilitiesOwedToThirdParties,8,2,8
core:WarrantsHeld,8,2,8
curr:JapaneseYen,8,4,8
core:Asset-backedSecuritiesABSHeld,8,2,8
core:CalledUpShareCapitalNotPaidCurrentAsset,8,2,8
core:CountryInWhichParentSmallestGroupIncorporated,8,2,8
core:DescriptionNon-interestBearingBorrowings,8,2,8
core:FloatingRateNotesHeld,8,2,8
core:CommercialPaperHeld,8,2,8
core:FurtherItemDebtSecuritiesInIssueComponentTotalDebtSecuritiesInIssue,8,2,8
core:UndatedLoanCapital,8,2,8
core:ConvertibleDebtSecuritiesHeld,8,2,8
core:UndrawnBorrowingFacilities,8,2,8
core:PerpetualNotesInIssue,8,2,8
core:PlantEquipmentOtherAssetsUnderOperatingLeases,8,2,8
core:FurtherItemBankBorrowingsOverdraftsComponentTotalBankBorrowingsOverdrafts,8,2,8
core:StructuredNotesInIssue,8,2,8
core:Step-upPerpetualPreferredSecurities,8,2,8
core:SeedInvestmentsHeld,8,2,8
core:DebtSecuritiesIssuedByBanksHeld,8,2,8
core:CommercialPaperInIssue,8,2,8
core:InformationOnControllingPartyIncludingDescriptionRelationship,8,2,8
core:AmountBorrowingExposedToInterestRateChanges,8,2,8
core:SecuritisationNotesInIssue,8,2,8
core:LandBuildingsUnderOperatingLeases,8,2,8
core:CertificatesDepositInIssue,8,2,8
core:LoanCommitmentsAsset,8,2,8
core:FurtherInformationOnParentSmallestGroup,8,2,8
core:PromissoryNotesHeld,8,2,8
core:RedeemableNotesHeld,8,2,8
core:AmountBorrowingRepayableWithinSetTime,8,2,8
core:FurtherInformationOnParentLargestGroup,8,2,8
core:LocalAuthorityDebtSecuritiesHeld,8,2,8
curr:Euro,8,4,8
core:EffectiveInterestRateOnBorrowings,8,2,8
curr:USDollar,8,4,8
core:MaterialBankLoanGrouping,8,2,8
core:AddressParentSmallestGroup,8,2,8
core:BankBorrowings,8,2,8
core:Mortgage-backedSecuritiesHeld,8,2,8
core:BankBorrowingsOverdrafts,8,4,8
core:NameControllingParty,8,2,8
core:TotalDrawnUndrawnBorrowingFacilities,8,2,8
curr:PoundSterling,8,4,8
core:NameParentLargestGroupInWhichResultsAreConsolidated,8,2,8
core:NameParentSmallestGroupInWhichResultsAreConsolidated,8,2,8
core:FloatingRateNotesInIssue,8,2,8
core:SubordinatedLiabilitiesOwedToGroupUndertakings,8,2,8
core:BankOverdrafts,8,2,8
core:FurtherItemPensionOtherPost-employmentBenefitCostsComponentTotalPensionOtherPost-employmentBenefitCosts,8,2,8
core:CountryInWhichParentLargestGroupIncorporated,8,2,8
core:CollateralisedDebtObligationsHeld,8,2,8
core:GeneralDescriptionLoansPayableInDefaultOrBreachIncludingNatureDefaultOrBreachAmountsInvolved,8,2,8
core:FurtherItemLoanCapitalComponentTotalLoanCapital,8,2,8
core:AddressParentLargestGroup,8,2,8
core:DescriptionInvoiceDiscountingFacilities,8,2,8
core:OtherCurrentAssetInvestmentsBalanceSheetSubtotal,8,2,8
core:RetirementBenefitObligationsSurplus,7,5,7
core:UseParentsSubsidiariesAssociatesJointVenturesOtherRelatedPartiesDimensionsToIdentifyIndividualRelatedEntitiesGuidance,7,7,7
core:WagesSalaries,6,4,6
core:StaffCostsEmployeeBenefitsExpense,6,6,6
core:TotalInventories,6,4,6
core:Share-basedPaymentExpenseCashSettled,6,4,6
core:AccruedLiabilitiesDeferredIncome,6,4,6
core:PropertyPlantEquipment,6,4,6
core:IntangibleAssets,6,4,6
core:Share-basedPaymentExpenseEquitySettled,6,4,6
core:RedundancyCosts,5,3,5
core:TreasuryOtherEligibleBillsHeld,5,3,5
core:TaxationIncludingDeferredTaxationBalanceSheetSubtotal,5,3,5
core:AmountsOwedToGroupUndertakings,5,3,5
core:OtherCreditorsIncludingTaxationSocialSecurityBalanceSheetSubtotal,5,3,5
core:RawMaterialsConsumablesUsed,5,3,5
core:OtherProvisionsBalanceSheetSubtotal,5,3,5
core:TradeCreditorsTradePayables,5,3,5
core:MaintenanceReserve,5,3,5
core:AmountsOwedToAssociatesJointVenturesParticipatingInterests,5,3,5
core:Debtors,5,3,5
core:Equity,5,5,5
core:OffPayrollWorkingExpense,5,3,5
core:DebtSecuritiesInIssue,5,3,5
core:BillsExchangePayable,5,3,5
core:SecurityDeposit,5,3,5
core:PaymentsReceivedOnAccount,5,3,5
core:CashBankOnHand,5,3,5
core:SocialSecurityCosts,5,3,5
core:SubordinatedLiabilities,5,3,5
core:InvestmentProperty,5,3,5
core:StatementThatNoControllingPartiesExist,4,2,4
core:TotalAssetsUnderOperatingLeasesDefault,4,2,4
core:EquitySecuritiesPledgedAsCollateral,4,2,4
core:InventoryWrite-downExpenseGross,4,2,4
core:TotalTaxDefault,4,2,4
core:InvestmentsFixedAssets,4,2,4
core:TreasuryOtherBillsHeldPledgedAsCollateral,4,2,4
core:InvestmentsInAssociatesMeasuredFairValue,4,2,4
core:InvestmentsInJointVenturesMeasuredFairValue,4,2,4
core:UnearnedFinanceIncomeOnFinanceLeases,4,2,4
core:InvestmentsInOtherEntitiesMeasuredFairValue,4,2,4
core:InvestmentsInSubsidiariesMeasuredFairValue,4,2,4
core:UseContinuingDiscontinuedDimensionToIdentifyContinuedDiscontinuedHeldForSaleValuesGuidance,4,4,4
core:UseContinuingDiscontinuedDimensionToIdentifyHeldForSaleValuesGuidance,4,2,4
core:FinancialAssetsDesignatedFairValueThroughOtherComprehensiveIncome,4,2,4
core:UseEquityClassesHeldDimensionToIdentifyClassShareHeldGuidance,4,2,4
core:FinancialAssetsMandatorilyMeasuredFairValueThroughOtherComprehensiveIncome,4,2,4
core:UseInvestmentsMovementsDimensionToIdentifyChangesInInvestmentsProvisionsDuringPeriodGuidance,4,4,4
core:ContingentConsiderationForBusinessCombination,4,2,4
core:AdditionalBorrowingsInformationHeading,4,2,4
core:ContingentRentsOnFinanceLeasesRecognisedAsIncome,4,2,4
core:ContingentRentsOnOperatingLeasesRecognisedAsIncome,4,2,4
core:UseShareTypesDimensionToIdentifyTypeShareGuidance,4,2,4
core:ConvertibleBondsInIssue,4,2,4
core:WasteDisposal,4,2,4
curr:AfghanAfghani,4,2,4
curr:AlbanianLek,4,2,4
curr:AlgerianDinar,4,2,4
curr:AngolanKwanza,4,2,4
curr:ArgentinePeso,4,2,4
curr:ArmenianDram,4,2,4
curr:ArubanFlorin,4,2,4
curr:AustralianDollar,4,2,4
curr:AzerbaijanianManat,4,2,4
curr:BahamianDollar,4,2,4
curr:BahrainiDinar,4,2,4
curr:BangladeshiTaka,4,2,4
curr:BarbadosDollar,4,2,4
curr:BelarussianRuble,4,2,4
curr:BelizeDollar,4,2,4
curr:BermudianDollar,4,2,4
curr:BhutanNgultrum,4,2,4
curr:BolivianBoliviano,4,2,4
curr:BolivianMvdol,4,2,4
curr:BosniaHerzegovinaConvertibleMark,4,2,4
curr:BotswanaPula,4,2,4
curr:BrazilianReal,4,2,4
curr:BruneiDollar,4,2,4
curr:BulgarianLev,4,2,4
curr:BurundianFranc,4,2,4
curr:CambodianRiel,4,2,4
curr:CapeVerdeEscudo,4,2,4
curr:CaymanIslandsDollar,4,2,4
curr:CFAFrancBCEAO,4,2,4
curr:CFAFrancBEAC,4,2,4
curr:CFPFrancPacificFranc,4,2,4
curr:ChileanPeso,4,2,4
curr:ChineseYuanRenminbi,4,2,4
curr:ColombianPeso,4,2,4
curr:ComoroFranc,4,2,4
curr:CongoleseFranc,4,2,4
curr:CostaRicanColon,4,2,4
curr:CroatianKuna,4,2,4
curr:CubanConvertiblePeso,4,2,4
curr:CubanPeso,4,2,4
curr:CzechKoruna,4,2,4
curr:DanishKrone,4,2,4
curr:DjiboutianFranc,4,2,4
curr:DominicanPeso,4,2,4
curr:EastCaribbeanDollar,4,2,4
curr:EgyptianPound,4,2,4
curr:EritreanNakfa,4,2,4
curr:EstonianKroon,4,2,4
curr:EthiopianBirr,4,2,4
curr:EuropeanCompositeUnitEURCO,4,2,4
curr:EuropeanMonetaryUnitEMU-6,4,2,4
curr:EuropeanUnitAccount17EUA-17,4,2,4
curr:EuropeanUnitAccount9EUA-9,4,2,4
curr:FalklandIslandsPound,4,2,4
curr:FijiDollar,4,2,4
core:ConvertiblePreferenceSharesLiability,4,2,4
curr:GambianDalasi,4,2,4
curr:GeorgianLari,4,2,4
curr:GhanaianCedi,4,2,4
curr:GibraltarPound,4,2,4
curr:GoldOneTroyOunce,4,2,4
curr:GuatemalanQuetzal,4,2,4
curr:GuineanFranc,4,2,4
curr:GuyanaeseDollar,4,2,4
curr:HaitianGourde,4,2,4
curr:HondurasLempira,4,2,4
curr:HongKongDollar,4,2,4
curr:HungarianForint,4,2,4
curr:IcelandKrona,4,2,4
curr:IndianRupee,4,2,4
curr:IndonesianRupiah,4,2,4
curr:IranianRial,4,2,4
curr:IraqiDinar,4,2,4
curr:IsraeliNewSheqel,4,2,4
curr:JamaicanDollar,4,2,4
curr:JordanianDinar,4,2,4
curr:KazakhstaniTenge,4,2,4
curr:KenyanShilling,4,2,4
curr:KuwaitiDinar,4,2,4
curr:KyrgyzstaniSom,4,2,4
curr:LaoKip,4,2,4
curr:LatvianLats,4,2,4
curr:LebanesePound,4,2,4
curr:LesothoLoti,4,2,4
curr:LiberianDollar,4,2,4
curr:LibyanDinar,4,2,4
curr:LithuanianLitas,4,2,4
curr:MacanesePataca,4,2,4
curr:MacedonianDenar,4,2,4
core:ForDirectorsRemunerationSeeEmployeeBenefitsOtherEmployeeInformationSectionCross-reference,4,2,4
curr:MalagasyAriary,4,2,4
curr:MalawianKwacha,4,2,4
curr:MalaysianRinggit,4,2,4
curr:MaldivesRufiyaa,4,2,4
curr:MauritanianOuguiya,4,2,4
curr:MauritiusRupee,4,2,4
curr:MexicanPeso,4,2,4
curr:MexicanUnidadDeInversionUID,4,2,4
curr:MoldovanLeu,4,2,4
curr:MongolianTugrik,4,2,4
curr:MoroccanDirham,4,2,4
curr:MozambicanMetical,4,2,4
curr:MyanmaKyat,4,2,4
curr:NamibianDollar,4,2,4
curr:NepaleseRupee,4,2,4
curr:NetherlandsAntillianGuilder,4,2,4
curr:NewZealandDollar,4,2,4
curr:NicaraguanCordoba,4,2,4
curr:NigerianNaira,4,2,4
curr:NorthKoreanWon,4,2,4
curr:NorwegianKrone,4,2,4
curr:OmaniRial,4,2,4
curr:PakistanRupee,4,2,4
curr:PalladiumOneTroyOunce,4,2,4
curr:PanamanianBalboa,4,2,4
curr:PapuaNewGuineanKina,4,2,4
curr:ParaguayanGuarani,4,2,4
curr:PeruvianNuevoSol,4,2,4
curr:PhilippinePeso,4,2,4
curr:PlatinumOneTroyOunce,4,2,4
curr:PolishZloty,4,2,4
curr:QatariRial,4,2,4
curr:RomanianNewLeu,4,2,4
curr:RussianRuble,4,2,4
curr:RwandaFranc,4,2,4
curr:SaintHelenaPound,4,2,4
curr:SamoanTala,4,2,4
curr:SãoToméPríncipeDobra,4,2,4
curr:SaudiRiyal,4,2,4
curr:SDRSpecialDrawingRights,4,2,4
curr:SerbianDinar,4,2,4
curr:SeychellesRupee,4,2,4
curr:SierraLeonianLeone,4,2,4
curr:SilverOneTroyOunce,4,2,4
curr:SingaporeDollar,4,2,4
curr:SolomonIslandsDollar,4,2,4
curr:SomaliShilling,4,2,4
curr:SouthAfricanRand,4,2,4
curr:SouthKoreanWon,4,2,4
curr:SouthSudanesePound,4,2,4
curr:SriLankaRupee,4,2,4
curr:SudanesePound,4,2,4
curr:SurinameseDollar,4,2,4
curr:SwazilandLilangeni,4,2,4
curr:SwedishKrona,4,2,4
curr:SwissFranc,4,2,4
curr:SyrianPound,4,2,4
curr:TaiwaneseNewDollar,4,2,4
curr:TajikistaniSomoni,4,2,4
curr:TanzanianShilling,4,2,4
curr:ThaiBaht,4,2,4
curr:TonganPaanga,4,2,4
curr:TrinidadTobaganDollar,4,2,4
curr:TunisianDinar,4,2,4
curr:TurkishLira,4,2,4
curr:TurkmenistaniManat,4,2,4
curr:UAEDirham,4,2,4
curr:UgandanShilling,4,2,4
curr:UICFranc,4,2,4
curr:UkrainianHryvnia,4,2,4
curr:UnidadDeFormento,4,2,4
curr:UnidadDeValorReal,4,2,4
curr:UruguayanPeso,4,2,4
curr:UruguayanPesoEnUnidadesIndexadasURUIURUI,4,2,4
curr:USDollarNextDay,4,2,4
curr:USDollarSameDay,4,2,4
curr:UzbekistaniSom,4,2,4
curr:VanuatanVatu,4,2,4
curr:VenezuelanBolivar,4,2,4
curr:VietnameseDong,4,2,4
curr:WIREuro,4,2,4
curr:WIRFranc,4,2,4
curr:YemeniRial,4,2,4
curr:ZambianKwacha,4,2,4
curr:ZimbabweanDollar,4,2,4
core:CorporateDebtSecuritiesHeld,4,2,4
core:FurtherEmployeeExpenseItemComponentTotalEmployeeBenefitsExpense,4,2,4
core:FurtherItemBorrowingsComponentTotalBorrowings,4,2,4
core:FurtherItemFinancialAssetsPledgedAsCollateralComponentTotalFinancialAssetsPledgedAsCollateral,4,2,4
core:CurrentAssetInvestments,4,2,4
core:DebtSecuritiesPledgedAsCollateral,4,2,4
core:AdvancesOnInvoiceDiscountingFacilities,4,2,4
core:AlternativeWagesSalariesSub-totalsHeading,4,2,4
core:LegislativeChanges,4,2,4
core:LoanCapital,4,2,4
core:LoansAdvancesPledgedAsCollateral,4,2,4
core:LoansAdvancesToBanksPledgedAsCollateral,4,2,4
core:LoansAdvancesToCustomersPledgedAsCollateral,4,2,4
core:LoansFromGovernmentOtherPublicAuthorities,4,2,4
core:LoansReceivables,4,2,4
core:LocalAuthorityOtherPublicSectorDebtSecuritiesHeld,4,2,4
core:DeferredTaxation,4,2,4
core:ManagementFeeIncome,4,2,4
core:MarginAccountsDueFromBrokers,4,2,4
core:NameMostSeniorParentEntityProducingPubliclyAvailableFinancialStatements,4,2,4
core:NameParentEntity,4,2,4
core:NameUltimateControllingPartyIfNotUltimateParent,4,2,4
core:NameUltimateParentGroupIfNotParentEntity,4,2,4
core:BiologicalAssetsCurrent,4,2,4
core:DescriptionCircumstancesLeadingToReversalsInventoryWrite-down,4,2,4
core:GovernmentDebtSecuritiesHeld,4,2,4
core:BiologicalAssetsNon-current,4,2,4
core:GrossInvestmentInFinanceLeases,4,2,4
core:OtherEmployeeExpense,4,2,4
core:OtherFeeIncome,4,2,4
core:Held-to-maturityFinancialAssets,4,2,4
core:OtherLong-termBenefitsExpense,4,2,4
core:BrokerageFeeIncome,4,2,4
core:OtherRegulatoryMatters,4,2,4
core:OtherRemainingBorrowings,4,2,4
core:OtherShort-termEmployeeBenefits,4,2,4
core:OtherSpecificFinancialAssetsDebtSecuritiesHeading,4,2,4
core:ParentEntityOrControllingPartyUltimateControllingPartyGrouping,4,2,4
core:ParentLargestGroupInWhichResultsAreConsolidatedHeading,4,2,4
core:ParentSmallestGroupInWhichResultsAreConsolidatedHeading,4,2,4
core:PensionOtherPost-employmentBenefitCostsOtherPensionCosts,4,2,4
core:Pensions,4,2,4
core:Post-employmentBenefits,4,2,4
core:DescriptionRelationshipsBetweenEntityParentsIncludingAnyChanges,4,2,4
core:ProfitLoss,4,4,4
core:ProfitLossAttributableToNon-controllingInterests,4,4,4
core:ReceivablesForSecuritiesSoldButNotYetSettledDueFromBrokers,4,2,4
core:RedeemablePreferenceSharesLiability,4,2,4
core:AssetMortgage-backedSecuritiesHeld,4,2,4
core:ReversalInventoryWrite-downGross,4,2,4
core:RiskAdjustmentForNon-financialRisk,4,4,4
core:EmployeeBenefitsFree-textComment,4,2,4
core:IntermediateParent1,4,2,4
core:IntermediateParent2,4,2,4
core:IntermediateParent3,4,2,4
core:IntermediateParent4,4,2,4
core:IntermediateParent5,4,2,4
core:SocialSecurityContributions,4,2,4
core:TagsBelowAreForInvestmentsHeldByOrThroughVentureCapitalOrganisationsMutualFundsSimilarEntitiesGuidance,4,2,4
core:TagsBelowAreForParentEntitiesWhoseInvestmentsArePartAnInvestmentPortfolioOrNon-parentEntitiesWhoHaveElectedToFairValueInvestmentsGuidance,4,2,4
core:StatementThatUltimateControllingPartyNotKnown,4,2,4
core:GainLossOnHedgingInstrumentsDesignatedAsFairValueHedges,3,3,3
countries:HomeCountriesHeading,3,3,3
countries:CountryListHeading,3,3,3
core:EquitySecuritiesHeld,3,3,3
core:GainLossOnHedgeInvestmentsInForeignOperationsBeforeTaxInOtherComprehensiveIncome,3,3,3
core:GainLossFromFairValueCashFlowHedgesBeforeTaxRecognisedInOtherComprehensiveIncome,3,3,3
core:DebtSecuritiesHeld,3,3,3
core:DateAuthorisationFinancialStatementsForIssue,3,3,3
bus:UseShareTypesDimensionToIdentifyIndividualShareTypeGuidance,3,3,3
core:Creditors,3,3,3
countries:OtherCountriesRegions,3,3,3
countries:MainRegionsHeading,3,3,3
bus:UseEntityShareClassesDimensionToIdentifyIndividualShareClassGuidance,3,3,3
core:ProvisionsForLiabilitiesBalanceSheetSubtotal,3,3,3
core:FairValueAssetsDefinedBenefitPlan,3,3,3
core:ProfitLossAttributableToOwnersParent,3,3,3
core:IncreaseDecreaseInStocksInventoriesFinishedGoodsWorkInProgress,3,3,3
core:PresentValueFutureCashFlows,3,3,3
core:PrepaymentsAccruedIncomeNotExpressedWithinCurrentAssetSubtotal,3,3,3
bus:DescriptionShareType,3,3,3
core:IncomeTaxExpenseCreditOnComponentsOtherComprehensiveIncome,3,3,3
core:TurnoverRevenue,3,3,3
core:ResearchDevelopmentExpenseRecognisedInProfitOrLoss,3,3,3
core:ImpairmentLossReversalOnInvestments,3,3,3
core:DescriptionBodyAuthorisingFinancialStatements,3,3,3
core:DepreciationAmortisationExpense,3,3,3
core:GainLossOnReclassificationCashFlowHedgesToProfitOrLossFromEquityBeforeTax,3,3,3
core:Subsidiary30,2,2,2
bus:DescriptionPrincipalActivities,2,2,2
bus:NameEntityAccountants,2,2,2
bus:NameEntityAuditors,2,2,2
bus:NameEntityOfficer,2,2,2
bus:ReportAnAmendedRevisedVersionPreviouslyFiledReportTruefalse,2,2,2
bus:UseEntityOfficersDimensionToIdentifyPositionEntityOfficerGuidance,2,2,2
bus:UseEntityOfficerStatusDimensionToIdentifyExecutiveOrNon-executiveStatusGuidance,2,2,2
core:AcceptancesEndorsements,2,2,2
core:AccruedLiabilitiesNotExpressedWithinCreditorsSubtotal,2,2,2
core:AdministrativeExpenses,2,2,2
core:AmortisationExpenseIntangibleAssets,2,2,2
core:ApprovalFinancialStatementsHeading,2,2,2
core:Associate1,2,2,2
core:Associate10,2,2,2
core:Associate11,2,2,2
core:Associate12,2,2,2
core:Associate13,2,2,2
core:Associate14,2,2,2
core:Associate15,2,2,2
core:Associate16,2,2,2
core:Associate17,2,2,2
core:Associate18,2,2,2
core:Associate19,2,2,2
core:Associate2,2,2,2
core:Associate20,2,2,2
core:Associate21,2,2,2
core:Associate22,2,2,2
core:Associate23,2,2,2
core:Associate24,2,2,2
core:Associate25,2,2,2
core:Associate26,2,2,2
core:Associate27,2,2,2
core:Associate28,2,2,2
core:Associate29,2,2,2
core:Associate3,2,2,2
core:Associate30,2,2,2
core:Associate31,2,2,2
core:Associate32,2,2,2
core:Associate33,2,2,2
core:Associate34,2,2,2
core:Associate35,2,2,2
core:Associate36,2,2,2
core:Associate37,2,2,2
core:Associate38,2,2,2
core:Associate39,2,2,2
core:Associate4,2,2,2
core:Associate40,2,2,2
core:Associate41,2,2,2
core:Associate42,2,2,2
core:Associate43,2,2,2
core:Associate44,2,2,2
core:Associate45,2,2,2
core:Associate46,2,2,2
core:Associate47,2,2,2
core:Associate48,2,2,2
core:Associate49,2,2,2
core:Associate5,2,2,2
core:Associate50,2,2,2
core:Associate6,2,2,2
core:Associate7,2,2,2
core:Associate8,2,2,2
core:Associate9,2,2,2
core:Available-for-saleFinancialAssets,2,2,2
core:BadDebts,2,2,2
core:BalanceSheetStatementFinancialPositionFree-textComment,2,2,2
core:BankingArrangementsClassifiedAsCashCashEquivalents,2,2,2
core:CalledUpShareCapitalNotPaid,2,2,2
core:CalledUpShareCapitalNotPaidNotExpressedAsCurrentAsset,2,2,2
core:CarryingValueDefault,2,2,2
core:CashCashEquivalentsAcquired,2,2,2
core:CashTransferredToAcquireEntity,2,2,2
core:CertificatesDepositHeld,2,2,2
core:CommissionClawback,2,2,2
core:ComprehensiveIncomeExpense,2,2,2
core:ContingentLiabilityOnBusinessCombination,2,2,2
core:ContingentRentsRecognisedAsIncome,2,2,2
core:CoronavirusJobRetentionSchemeIncome,2,2,2
core:CurrentAssets,2,2,2
core:CurrentTaxExpenseCreditOnShare-basedPaymentArrangementRecognisedInEquity,2,2,2
core:DecommissioningRestorationDilapidations,2,2,2
core:DecreaseInAssetsOrLiabilitiesDefinedBenefitPlanFromBenefitsPaid,2,2,2
core:DeferredConsiderationForBusinessCombination,2,2,2
core:DeferredConsiderations,2,2,2
core:DeferredTaxAssets,2,2,2
core:DeferredTaxExpenseCreditOnShare-basedPaymentArrangementRecognisedInEquity,2,2,2
core:DeferredTaxExpenseCreditRelatingToChangesInTaxRatesOrLaws,2,2,2
core:DeferredTaxLiabilities,2,2,2
core:DepositsWithCreditInstitutions,2,2,2
core:DepreciationAmortisationImpairmentExpense,2,2,2
core:DepreciationExpensePropertyPlantEquipment,2,2,2
core:DescriptionBusinessCombinationDisclosuresWhichAreIncompleteOrProvisionalReasonsForThis,2,2,2
core:DescriptionConversionDebtToEquity,2,2,2
core:DescriptionMeasurementBasisForBiologicalAssetsCostModel,2,2,2
core:DescriptionMethodsSignificantAssumptionsAppliedInDeterminingFairValueBiologicalAssets,2,2,2
core:DescriptionMethodsSignificantAssumptionsAppliedInDeterminingFairValueInvestmentProperty,2,2,2
core:DescriptionMethodsSignificantAssumptionsAppliedInDeterminingFairValuePointHarvestBiologicalAssetsFairValueModel,2,2,2
core:DescriptionNaturePurposeReservesWithinEquity,2,2,2
core:DirectorSigningFinancialStatements,2,2,2
core:DividendIncome,2,2,2
core:DividendIncomeFromAssociatesJointVenturesParticipatingInterests,2,2,2
core:DividendIncomeFromGroupUndertakings,2,2,2
core:DoubleTaxationRelief,2,2,2
core:DueFromBrokers,2,2,2
core:EmployeeBenefits,2,2,2
core:EnvironmentalCosts,2,2,2
core:FeeIncomeFromTrustOtherFiduciaryActivitiesResultingInHoldingAssets,2,2,2
core:FinanceLeaseLiabilitiesPresentValueTotal,2,2,2
core:FinancialAssetsAmortisedCost,2,2,2
core:FinancialAssetsFairValueThroughOtherComprehensiveIncome,2,2,2
core:FinancialAssetsPledgedAsCollateral,2,2,2
core:FinancialAssetsPledgedAsCollateralSubjectToSaleOrRepledging,2,2,2
core:FinancialGuarantees,2,2,2
core:FinancialLiabilitiesAmortisedCost,2,2,2
core:FinancialPenaltiesLevies,2,2,2
core:FinishedGoods,2,2,2
core:FixedAssets,2,2,2
core:ForDerivativesSeeDerivativesHedgeAccountingSectionCross-reference,2,2,2
core:ForDetailsContingentAssetsLiabilitiesRelatedToBusinessCombinationsSeeBusinessCombinationsSectionCross-reference,2,2,2
core:ForFurtherBreakdownsAssetsLiabilitiesSeeNotesOnAssetsLiabilitiesOtherAppropriateSectionsCross-reference,2,2,2
core:ForImpairmentLossReversalAmountsSeeImpairmentLossesReversalsSectionUnderNotesOnIncomeExpenseCross-reference,2,2,2
core:ForTaxOnComponentsOtherComprehensiveIncomeSeeOtherComprehensiveIncomeSectionUnderIncomeTaxSectionCross-reference,2,2,2
core:FurtherItemGainLossInOtherComprehensiveIncomeBeforeTaxComponentTotalOtherComprehensiveIncomeBeforeTax,2,2,2
core:FurtherItemGainLossInOtherComprehensiveIncomeNetTaxComponentTotalOtherComprehensiveIncomeNetTax,2,2,2
core:FurtherItemGainLossOnCashFlowHedgesBeforeTaxInOtherComprehensiveIncomeComponentCorrespondingTotal,2,2,2
core:FurtherItemGainLossOnCashFlowHedgesNetTaxInOtherComprehensiveIncomeComponentCorrespondingTotal,2,2,2
core:FurtherSpecificTypeProvisionContingentLiability1ComponentTotalProvisionsContingentLiabilities,2,2,2
core:FurtherSpecificTypeProvisionContingentLiability2ComponentTotalProvisionsContingentLiabilities,2,2,2
core:FurtherSpecificTypeProvisionContingentLiability3ComponentTotalProvisionsContingentLiabilities,2,2,2
core:FurtherSpecificTypeProvisionContingentLiability4ComponentTotalProvisionsContingentLiabilities,2,2,2
core:GainLossAfterTaxOnSaleDiscontinuedOperations,2,2,2
core:GainLossDueToForeignExchangeDifferencesBeforeTaxInOtherComprehensiveIncome,2,2,2
core:GainLossDueToForeignExchangeDifferencesNetTaxInOtherComprehensiveIncome,2,2,2
core:GainLossFromChangesInProvisions,2,2,2
core:GainLossFromFairValueAdjustmentBiologicalAssetsFairValueModel,2,2,2
core:GainLossFromFairValueAdjustmentInvestmentPropertyRecognisedInProfitOrLoss,2,2,2
core:GainLossFromFairValueCashFlowHedgesNetTaxInOtherComprehensiveIncome,2,2,2
core:GainLossFromReclassificationCashFlowHedgesToProfitOrLossFromEquityNetTax,2,2,2
core:GainLossOnDisposalsIntangibleAssets,2,2,2
core:GainLossOnDisposalsPropertyPlantEquipment,2,2,2
core:GainLossOnFairValueHedgedItemsAttributableToHedgedRisk,2,2,2
core:GainLossOnHedgeInvestmentsInForeignOperationsNetTaxInOtherComprehensiveIncome,2,2,2
core:GainLossOnIneffectivenessCashFlowHedgesRecognisedInProfitOrLoss,2,2,2
core:GainLossOnIneffectivenessNetInvestmentHedgeRecognisedInProfitLoss,2,2,2
core:GainLossOnRemeasurementDefinedBenefitPlansBeforeTaxInOtherComprehensiveIncome,2,2,2
core:GainLossOnRemeasurementDefinedBenefitPlansNetTaxInOtherComprehensiveIncome,2,2,2
core:GainLossOnRevaluationBiologicalAssetsBeforeTaxInOtherComprehensiveIncome,2,2,2
core:GainLossOnRevaluationBiologicalAssetsNetTaxInOtherComprehensiveIncome,2,2,2
core:GainLossOnRevaluationInvestmentPropertiesBeforeTaxInOtherComprehensiveIncome,2,2,2
core:GainLossOnRevaluationInvestmentPropertiesNetTaxInOtherComprehensiveIncome,2,2,2
core:GainLossOnRevaluationOtherAssetsBeforeTaxInOtherComprehensiveIncome,2,2,2
core:GainLossOnRevaluationOtherAssetsNetTaxInOtherComprehensiveIncome,2,2,2
core:GainLossOnRevaluationPropertyPlantEquipmentBeforeTaxInOtherComprehensiveIncome,2,2,2
core:GainLossOnRevaluationPropertyPlantEquipmentNetTaxInOtherComprehensiveIncome,2,2,2
core:GovernmentGrantIncome,2,2,2
core:GrossProfitLoss,2,2,2
core:ImmediateParent,2,2,2
core:ImpairmentLossReversalIntangibleAssets,2,2,2
core:ImpairmentLossReversalInvestmentInSubsidiariesAssociatesJointVentures,2,2,2
core:ImpairmentLossReversalPropertyPlantEquipment,2,2,2
core:IncreaseDecreaseInCashCashEquivalentsBeforeForeignExchangeDifferencesChangesInConsolidation,2,2,2
core:IncreaseDecreaseInCashCashEquivalentsFromChangesInConsolidation,2,2,2
core:IncreaseDecreaseInCurrentTaxFromAdjustmentForPriorPeriods,2,2,2
core:IncreaseInAssetsDefinedBenefitPlanFromInterestIncome,2,2,2
core:IncreaseInAssetsDefinedBenefitPlanFromReturnOnAssetsNetInterestIncome,2,2,2
core:IncreaseInContingentRentsOnFinanceLeasesRecognisedAsExpense,2,2,2
core:InsuranceCosts,2,2,2
core:InterestExpense,2,2,2
core:InterestExpenseOnBankOverdraftsBankLoansSimilarBorrowings,2,2,2
core:InterestExpenseOnLiabilitiesDefinedBenefitPlan,2,2,2
core:InterestExpenseOnObligationsUnderFinanceLeasesHirePurchaseContracts,2,2,2
core:InterestExpenseOnPreferenceSharesClassifiedAsDebt,2,2,2
core:InterestIncome,2,2,2
core:InterestIncomeFromReimbursementRightsDefinedBenefitPlan,2,2,2
core:InterestIncomeOnAssetsDefinedBenefitPlan,2,2,2
core:InterestIncomeOnFinancialAssetsHeldForTradingFairValueThroughProfitOrLoss,2,2,2
core:InterestPayableSimilarChargesFinanceCosts,2,2,2
core:IntermediateParents,2,2,2
core:InventoryObsolescence,2,2,2
core:InvestmentsInAssociates,2,2,2
core:InvestmentsInJointVentures,2,2,2
core:InvestmentsInOtherEntitiesMeasuredFairValueHeading,2,2,2
core:InvestmentsInSubsidiaries,2,2,2
core:JointVenture1,2,2,2
core:JointVenture10,2,2,2
core:JointVenture11,2,2,2
core:JointVenture12,2,2,2
core:JointVenture13,2,2,2
core:JointVenture14,2,2,2
core:JointVenture15,2,2,2
core:JointVenture16,2,2,2
core:JointVenture17,2,2,2
core:JointVenture18,2,2,2
core:JointVenture19,2,2,2
core:JointVenture2,2,2,2
core:JointVenture20,2,2,2
core:JointVenture21,2,2,2
core:JointVenture22,2,2,2
core:JointVenture23,2,2,2
core:JointVenture24,2,2,2
core:JointVenture25,2,2,2
core:JointVenture26,2,2,2
core:JointVenture27,2,2,2
core:JointVenture28,2,2,2
core:JointVenture29,2,2,2
core:JointVenture3,2,2,2
core:JointVenture30,2,2,2
core:JointVenture31,2,2,2
core:JointVenture32,2,2,2
core:JointVenture33,2,2,2
core:JointVenture34,2,2,2
core:JointVenture35,2,2,2
core:JointVenture36,2,2,2
core:JointVenture37,2,2,2
core:JointVenture38,2,2,2
core:JointVenture39,2,2,2
core:JointVenture4,2,2,2
core:JointVenture40,2,2,2
core:JointVenture41,2,2,2
core:JointVenture42,2,2,2
core:JointVenture43,2,2,2
core:JointVenture44,2,2,2
core:JointVenture45,2,2,2
core:JointVenture46,2,2,2
core:JointVenture47,2,2,2
core:JointVenture48,2,2,2
core:JointVenture49,2,2,2
core:JointVenture5,2,2,2
core:JointVenture50,2,2,2
core:JointVenture6,2,2,2
core:JointVenture7,2,2,2
core:JointVenture8,2,2,2
core:JointVenture9,2,2,2
core:LegalProceedings,2,2,2
core:LiabilitiesDefinedBenefitPlanPresentValue,2,2,2
core:LoansReceivablesClassifiedAsCashCashEquivalents,2,2,2
core:LossGainFromWrite-downsReversalsInventories,2,2,2
core:ManagedFunds,2,2,2
core:Merchandise,2,2,2
core:ModelUsedToMeasureInvestmentProperty,2,2,2
core:MovementAnalysesInFinancialInstrumentsCoveringAdditionsDisposalsLikeAreNotRequiredToBeTaggedGuidance,2,2,2
core:MutualFunds,2,2,2
core:Non-controlledInvestmentFunds,2,2,2
core:Non-financialAssetsPledgedAsCollateralSubjectToSaleOrRepledging,2,2,2
core:OnerousContractsExcludingVacantProperties,2,2,2
core:OperatingLeasePurposeDimension,2,2,2
core:OperatingLeases,2,2,2
core:OperatingLeasesRentalReceivables,2,2,2
core:OperatingProfitLoss,2,2,2
core:OtherAssociatesTotalIndividuallyImmaterialAssociates,2,2,2
core:OtherComprehensiveIncomeExpenseBeforeTax,2,2,2
core:OtherComprehensiveIncomeExpenseNetTax,2,2,2
core:OtherCoronavirusGrants,2,2,2
core:OtherInterestReceivableSimilarIncomeFinanceIncome,2,2,2
core:OtherInventories,2,2,2
core:OtherJointVenturesTotalIndividuallyImmaterialJointVentures,2,2,2
core:OtherNon-operatingNetGainLossBeforeTax,2,2,2
core:OtherProvisionsContingentLiabilities,2,2,2
core:OtherRepairsMaintenanceExpense,2,2,2
core:OtherSubsidiariesTotalIndividuallyImmaterialSubsidiaries,2,2,2
core:OtherUnconsolidatedStructuredEntitiesTotalIndividuallyImmaterialUnconsolidatedStructuredEntities,2,2,2
core:OwnWorkCapitalised,2,2,2
core:PresentValueFinanceLeaseReceivables,2,2,2
core:ProductionSupplies,2,2,2
core:ProfitSharingBonuses,2,2,2
core:RawMaterials,2,2,2
core:RawMaterialsConsumables,2,2,2
core:Refunds,2,2,2
core:RegulatoryMatters,2,2,2
core:ReimbursementRightsAssetFairValue,2,2,2
core:RelationshipBetweenEntityParentsHeading,2,2,2
core:RentalIncomeFromInvestmentProperty,2,2,2
core:RepairsMaintenanceExpenseProperty-related,2,2,2
core:RestructuringCosts,2,2,2
core:RestructuringOrReorganisation,2,2,2
core:RevenueFromConstructionContracts,2,2,2
core:RevenueFromOffPayrollWorking,2,2,2
core:RoyaltiesLicencesSimilarExpense,2,2,2
core:ShareOtherComprehensiveIncomeAssociatesAccountedForUsingEquityMethodBeforeTax,2,2,2
core:ShareOtherComprehensiveIncomeAssociatesAccountedForUsingEquityMethodNetTax,2,2,2
core:ShareOtherComprehensiveIncomeAssociatesJointVenturesAccountedForUsingEquityMethodBeforeTax,2,2,2
core:ShareOtherComprehensiveIncomeAssociatesJointVenturesAccountedForUsingEquityMethodNetTax,2,2,2
core:ShareOtherComprehensiveIncomeJointVenturesAccountedForUsingEquityMethodBeforeTax,2,2,2
core:ShareOtherComprehensiveIncomeJointVenturesAccountedForUsingEquityMethodNetTax,2,2,2
core:Short-termDepositsClassifiedAsCashEquivalents,2,2,2
core:Short-termInvestmentsClassifiedAsCashCashEquivalents,2,2,2
core:SubsidiariesWithMaterialNon-controllingInterests,2,2,2
core:Subsidiary1,2,2,2
core:Subsidiary10,2,2,2
core:Subsidiary100,2,2,2
core:Subsidiary101,2,2,2
core:Subsidiary102,2,2,2
core:Subsidiary103,2,2,2
core:Subsidiary104,2,2,2
core:Subsidiary105,2,2,2
core:Subsidiary106,2,2,2
core:Subsidiary107,2,2,2
core:Subsidiary108,2,2,2
core:Subsidiary109,2,2,2
core:Subsidiary11,2,2,2
core:Subsidiary110,2,2,2
core:Subsidiary111,2,2,2
core:Subsidiary112,2,2,2
core:Subsidiary113,2,2,2
core:Subsidiary114,2,2,2
core:Subsidiary115,2,2,2
core:Subsidiary116,2,2,2
core:Subsidiary117,2,2,2
core:Subsidiary118,2,2,2
core:Subsidiary119,2,2,2
core:Subsidiary12,2,2,2
core:Subsidiary120,2,2,2
core:Subsidiary121,2,2,2
core:Subsidiary122,2,2,2
core:Subsidiary123,2,2,2
core:Subsidiary124,2,2,2
core:Subsidiary125,2,2,2
core:Subsidiary126,2,2,2
core:Subsidiary127,2,2,2
core:Subsidiary128,2,2,2
core:Subsidiary129,2,2,2
core:Subsidiary13,2,2,2
core:Subsidiary130,2,2,2
core:Subsidiary131,2,2,2
core:Subsidiary132,2,2,2
core:Subsidiary133,2,2,2
core:Subsidiary134,2,2,2
core:Subsidiary135,2,2,2
core:Subsidiary136,2,2,2
core:Subsidiary137,2,2,2
core:Subsidiary138,2,2,2
core:Subsidiary139,2,2,2
core:Subsidiary14,2,2,2
core:Subsidiary140,2,2,2
core:Subsidiary141,2,2,2
core:Subsidiary142,2,2,2
core:Subsidiary143,2,2,2
core:Subsidiary144,2,2,2
core:Subsidiary145,2,2,2
core:Subsidiary146,2,2,2
core:Subsidiary147,2,2,2
core:Subsidiary148,2,2,2
core:Subsidiary149,2,2,2
core:Subsidiary15,2,2,2
core:Subsidiary150,2,2,2
core:Subsidiary151,2,2,2
core:Subsidiary152,2,2,2
core:Subsidiary153,2,2,2
core:Subsidiary154,2,2,2
core:Subsidiary155,2,2,2
core:Subsidiary156,2,2,2
core:Subsidiary157,2,2,2
core:Subsidiary158,2,2,2
core:Subsidiary159,2,2,2
core:Subsidiary16,2,2,2
core:Subsidiary160,2,2,2
core:Subsidiary161,2,2,2
core:Subsidiary162,2,2,2
core:Subsidiary163,2,2,2
core:Subsidiary164,2,2,2
core:Subsidiary165,2,2,2
core:Subsidiary166,2,2,2
core:Subsidiary167,2,2,2
core:Subsidiary168,2,2,2
core:Subsidiary169,2,2,2
core:Subsidiary17,2,2,2
core:Subsidiary170,2,2,2
core:Subsidiary171,2,2,2
core:Subsidiary172,2,2,2
core:Subsidiary173,2,2,2
core:Subsidiary174,2,2,2
core:Subsidiary175,2,2,2
core:Subsidiary176,2,2,2
core:Subsidiary177,2,2,2
core:Subsidiary178,2,2,2
core:Subsidiary179,2,2,2
core:Subsidiary18,2,2,2
core:Subsidiary180,2,2,2
core:Subsidiary181,2,2,2
core:Subsidiary182,2,2,2
core:Subsidiary183,2,2,2
core:Subsidiary184,2,2,2
core:Subsidiary185,2,2,2
core:Subsidiary186,2,2,2
core:Subsidiary187,2,2,2
core:Subsidiary188,2,2,2
core:Subsidiary189,2,2,2
core:Subsidiary19,2,2,2
core:Subsidiary190,2,2,2
core:Subsidiary191,2,2,2
core:Subsidiary192,2,2,2
core:Subsidiary193,2,2,2
core:Subsidiary194,2,2,2
core:Subsidiary195,2,2,2
core:Subsidiary196,2,2,2
core:Subsidiary197,2,2,2
core:Subsidiary198,2,2,2
core:Subsidiary199,2,2,2
core:Subsidiary2,2,2,2
core:Subsidiary20,2,2,2
core:Subsidiary200,2,2,2
core:Subsidiary21,2,2,2
core:Subsidiary22,2,2,2
core:Subsidiary23,2,2,2
core:Subsidiary24,2,2,2
core:Subsidiary25,2,2,2
core:Subsidiary26,2,2,2
core:Subsidiary27,2,2,2
core:Subsidiary28,2,2,2
core:Subsidiary29,2,2,2
core:Subsidiary3,2,2,2
aurep:UseThirdPartyAgentStatusDimensionToIdentifyAuditorsInCasesMultipleAuditorsOrJointAuditorsGuidance,2,2,2
core:Subsidiary31,2,2,2
core:Subsidiary32,2,2,2
core:Subsidiary33,2,2,2
core:Subsidiary34,2,2,2
core:Subsidiary35,2,2,2
core:Subsidiary36,2,2,2
core:Subsidiary37,2,2,2
core:Subsidiary38,2,2,2
core:Subsidiary39,2,2,2
core:Subsidiary4,2,2,2
core:Subsidiary40,2,2,2
core:Subsidiary41,2,2,2
core:Subsidiary42,2,2,2
core:Subsidiary43,2,2,2
core:Subsidiary44,2,2,2
core:Subsidiary45,2,2,2
core:Subsidiary46,2,2,2
core:Subsidiary47,2,2,2
core:Subsidiary48,2,2,2
core:Subsidiary49,2,2,2
core:Subsidiary5,2,2,2
core:Subsidiary50,2,2,2
core:Subsidiary51,2,2,2
core:Subsidiary52,2,2,2
core:Subsidiary53,2,2,2
core:Subsidiary54,2,2,2
core:Subsidiary55,2,2,2
core:Subsidiary56,2,2,2
core:Subsidiary57,2,2,2
core:Subsidiary58,2,2,2
core:Subsidiary59,2,2,2
core:Subsidiary6,2,2,2
core:Subsidiary60,2,2,2
core:Subsidiary61,2,2,2
core:Subsidiary62,2,2,2
core:Subsidiary63,2,2,2
core:Subsidiary64,2,2,2
core:Subsidiary65,2,2,2
core:Subsidiary66,2,2,2
core:Subsidiary67,2,2,2
core:Subsidiary68,2,2,2
core:Subsidiary69,2,2,2
core:Subsidiary7,2,2,2
core:Subsidiary70,2,2,2
core:Subsidiary71,2,2,2
core:Subsidiary72,2,2,2
core:Subsidiary73,2,2,2
core:Subsidiary74,2,2,2
core:Subsidiary75,2,2,2
core:Subsidiary76,2,2,2
core:Subsidiary77,2,2,2
core:Subsidiary78,2,2,2
core:Subsidiary79,2,2,2
core:Subsidiary8,2,2,2
core:Subsidiary80,2,2,2
core:Subsidiary81,2,2,2
core:Subsidiary82,2,2,2
core:Subsidiary83,2,2,2
core:Subsidiary84,2,2,2
core:Subsidiary85,2,2,2
core:Subsidiary86,2,2,2
core:Subsidiary87,2,2,2
core:Subsidiary88,2,2,2
core:Subsidiary89,2,2,2
core:Subsidiary9,2,2,2
core:Subsidiary90,2,2,2
core:Subsidiary91,2,2,2
core:Subsidiary92,2,2,2
core:Subsidiary93,2,2,2
core:Subsidiary94,2,2,2
core:Subsidiary95,2,2,2
core:Subsidiary96,2,2,2
core:Subsidiary97,2,2,2
core:Subsidiary98,2,2,2
core:Subsidiary99,2,2,2
core:TaxationIncludingDeferredTaxation,2,2,2
core:TaxExpenseCreditOnConvertibleNotesRecognisedInEquity,2,2,2
core:TaxExpenseCreditOnDepreciationTransferRevaluationSurplusRecognisedInEquity,2,2,2
core:TaxExpenseCreditOnShare-basedPaymentArrangementRecognisedInEquity,2,2,2
core:TaxExpenseCreditRelatingToGainOrLossOnDiscontinuanceOperations,2,2,2
core:TaxJurisdictionDimension,2,2,2
core:TaxTaxCreditOnProfitOrLossOnOrdinaryActivities,2,2,2
core:TotalAssets,2,2,2
core:TotalBorrowings,2,2,2
core:TotalGainLossOnCashFlowHedgesBeforeTaxInOtherComprehensiveIncome,2,2,2
core:TotalGainLossOnCashFlowHedgesNetTaxInOtherComprehensiveIncome,2,2,2
core:TotalLiabilities,2,2,2
core:TotalOperatingLeasePayments,2,2,2
core:TradePayablesPolicy,2,2,2
core:TradeReceivablesPolicy,2,2,2
core:UltimateParent,2,2,2
core:UnconsolidatedStructuredEntity1,2,2,2
core:UnconsolidatedStructuredEntity2,2,2,2
core:UnconsolidatedStructuredEntity3,2,2,2
core:UnconsolidatedStructuredEntity4,2,2,2
core:UnconsolidatedStructuredEntity5,2,2,2
core:UnitTrusts,2,2,2
core:Unrated,2,2,2
core:UnwindingDiscountOnProvisionsExpense,2,2,2
core:UseContingentLiabilitiesDimensionToIdentifyIndividualTypesContingentLiabilityGuidance,2,2,2
core:UseEquityClassesDimensionToIdentifyIndividualClassesEquityOrReserveGuidance,2,2,2
core:UseExceptionalsDimensionToIdentifyExceptionalSpecificNon-exceptionalValuesGuidance,2,2,2
core:UseFinancialAssetsClassesCategoriesDimensionToIdentifyIndividualAssetClassesAcquiredGuidance,2,2,2
core:UseMarketRiskTypeDimensionToIdentifyIndividualTypesMarketRiskGuidance,2,2,2
core:UsePost-employmentBenefitPlansDimensionToIdentifyIndividualPlansGuidance,2,2,2
core:UseProvisionsDimensionToIdentifyIndividualTypesProvisionGuidance,2,2,2
core:UseRelatedPartyTransactionTypeDimensionToIdentifyNatureTransactionGuidance,2,2,2
core:UtilitiesCosts,2,2,2
core:VacantProperties,2,2,2
core:Warranties,2,2,2
core:WorkInProgress,2,2,2
countries:AllCountries,2,2,2
curr:AllCurrencies,2,2,2
curr:FullCurrenciesListHeading,2,2,2
curr:MainCurrenciesHeading,2,2,2
curr:OtherCurrencies,2,2,2
direp:AlternativePerformanceMeasuresHeading,2,2,2
direp:BonusesDirectors,2,2,2
direp:CompanyContributionsToDefinedBenefitPlansDirectors,2,2,2
direp:CompanyContributionsToMoneyPurchasePlansDirectors,2,2,2
direp:CompensationForLossOfficeDirectors,2,2,2
direp:DIDescriptionOtherGenderCategory,2,2,2
direp:PaymentsToThirdPartiesForDirectorServices,2,2,2
direp:PoliticalDonations,2,2,2
direp:SalariesFeesDirectors,2,2,2
direp:UseDescriptionOtherGenderCategoryToRecordGenderDescriptionForGenericOtherGenderCategoryDimensionMemberGuidance,2,2,2
lang:EnglishDefault,2,2,2
lang:Welsh,2,2,2